"Rank","Player","Pos","Team","Sign Age","Start","End","YRS","Value","AAV","GTDAT SIGN","GTD%AT SIGN","GTD%PRACTICAL","FA Year",""
"","Mike Trout","LF","LAA","27","2019","2030","12","$426,500,000","$35,541,667","$0","$0.000","$1","2031",""
"","Mookie Betts","RF","LAD","27","2020","2032","12","$365,000,000","$30,416,667","$0","$0.000","$1","2033",""
"","Francisco Lindor","SS","NYM","27","2021","2031","10","$341,000,000","$34,100,000","$0","$0.000","$1","2032",""
"","Fernando Tatis Jr.","SS","SD","22","2021","2034","14","$340,000,000","$24,285,714","$0","$0.000","$1","2035",""
"","Bryce Harper","RF","PHI","26","2019","2031","13","$330,000,000","$25,384,615","$0","$0.000","$1","2032",""
"","Giancarlo Stanton","DH","NYYMIA","25","2015","2027","13","$325,000,000","$25,000,000","$0","$0.000","$1","2029",""
"","Corey Seager","SS","TEX","27","2022","2031","10","$325,000,000","$32,500,000","$0","$0.000","$1","2032",""
"","Gerrit Cole","SP","NYY","29","2020","2028","9","$324,000,000","$36,000,000","$0","$0.000","$1","2029",""
"","Manny Machado","3B","SD","26","2019","2028","10","$300,000,000","$30,000,000","$0","$0.000","$1","2029",""
"","Nolan Arenado","3B","STLCOL","27","2019","2027","8","$260,000,000","$32,500,000","$0","$0.000","$1","2028",""
"","Miguel Cabrera","DH","DET","30","2016","2023","8","$248,000,000","$31,000,000","$0","$0.000","$1","2024",""
"","Stephen Strasburg","SP","WSH","31","2020","2026","7","$245,000,000","$35,000,000","$0","$0.000","$1","2027",""
"","Anthony Rendon","3B","LAA","29","2020","2026","7","$245,000,000","$35,000,000","$0","$0.000","$1","2027",""
"","Joey Votto","1B","CIN","28","2014","2024","10","$225,000,000","$22,500,000","$0","$0.000","$1","2025",""
"","David Price","SP","LADBOS","30","2016","2022","7","$217,000,000","$31,000,000","$0","$0.000","$1","2023",""
"","Austin Riley","3B","ATL","25","2023","2032","10","$212,000,000","$21,200,000","$0","$0.000","$1","2034",""
"","Julio Rodriguez","OF","SEA","21","2023","2034","12","$209,300,000","$17,441,667","$0","$0.000","$1","2035",""
"","Christian Yelich","LF","MIL","28","2020","2029","7","$188,500,000","$26,928,571","$0","$0.000","$1","2030",""
"","Jason Heyward","RF","CHC","26","2016","2023","8","$184,000,000","$23,000,000","$0","$0.000","$1","2024",""
"","Kris Bryant","OF","COL","30","2022","2028","7","$182,000,000","$26,000,000","$0","$0.000","$1","2029",""
"","Wander Franco","SS","TB","20","2022","2033","11","$182,000,000","$16,545,455","$0","$0.000","$1","2034",""
"","Marcus Semien","2B","TEX","31","2022","2028","7","$175,000,000","$25,000,000","$0","$0.000","$1","2029",""
"","Matt Olson","1B","ATL","27","2022","2030","8","$168,000,000","$21,000,000","$0","$0.000","$1","2031",""
"","Jose Altuve","2B","HOU","27","2018","2024","7","$163,500,000","$23,357,143","$0","$0.000","$1","2025",""
"","Freddie Freeman","1B","LAD","32","2022","2027","6","$162,000,000","$27,000,000","$0","$0.000","$1","2028",""
"","George Springer","CF","TOR","31","2021","2026","6","$150,000,000","$25,000,000","$0","$0.000","$1","2027",""
"","Chris Sale","SP","BOS","29","2019","2024","5","$145,000,000","$29,000,000","$0","$0.000","$1","2025",""
"","Eric Hosmer","1B","BOSSD","28","2018","2025","8","$144,000,000","$18,000,000","$0","$0.000","$1","2026",""
"","Jose Ramirez","3B","CLE","29","2022","2028","7","$141,000,000","$20,142,857","$0","$0.000","$1","2029",""
"","Trevor Story","SS","BOS","29","2022","2027","6","$140,000,000","$23,333,333","$0","$0.000","$1","2028",""
"","Patrick Corbin","SP","WSH","29","2019","2024","6","$140,000,000","$23,333,333","$0","$0.000","$1","2025",""
"","Javier Baez","SS","DET","28","2022","2027","6","$140,000,000","$23,333,333","$0","$0.000","$1","2028",""
"","Jacob deGrom","SP","NYM","30","2019","2024","5","$137,500,000","$27,500,000","$0","$0.000","$1","2025",""
"","Jose Berrios","SP","TOR","27","2022","2028","7","$131,000,000","$18,714,286","$0","$0.000","$1","2029",""
"","Paul Goldschmidt","1B","STL","31","2020","2024","5","$130,000,000","$26,000,000","$0","$0.000","$1","2025",""
"","Max Scherzer","SP","NYM","37","2022","2024","3","$130,000,000","$43,333,333","$0","$0.000","$1","2025",""
"","Yu Darvish","SP","SDCHC","31","2018","2023","6","$126,000,000","$21,000,000","$0","$0.000","$1","2024",""
"","Xander Bogaerts","SS","BOS","26","2019","2026","6","$120,000,000","$20,000,000","$0","$0.000","$1","2027",""
"","Zack Wheeler","SP","PHI","29","2020","2024","5","$118,000,000","$23,600,000","$0","$0.000","$1","2025",""
"","J.T. Realmuto","C","PHI","29","2021","2025","5","$115,500,000","$23,100,000","$0","$0.000","$1","2026",""
"","Robbie Ray","SP","SEA","30","2022","2026","5","$115,000,000","$23,000,000","$0","$0.000","$1","2027",""
"","J.D. Martinez","DH","BOS","30","2018","2022","5","$110,000,000","$22,000,000","$0","$0.000","$1","2023",""
"","Kevin Gausman","SP","TOR","30","2022","2026","5","$110,000,000","$22,000,000","$0","$0.000","$1","2027",""
"","Charlie Blackmon","RF","COL","31","2018","2023","6","$108,000,000","$18,000,000","$0","$0.000","$1","2024",""
"","Carlos Correa","SS","MIN","27","2022","2024","3","$105,300,000","$35,100,000","$0","$0.000","$1","2025",""
"","Trevor Bauer","SP","LAD","30","2021","2023","3","$102,000,000","$34,000,000","$0","$0.000","$1","2024",""
"","Joe Musgrove","SP","SD","29","2023","2027","5","$100,000,000","$20,000,000","$0","$0.000","$1","2028",""
"","Evan Longoria","3B","SFTB","27","2016","2022","6","$100,000,000","$16,666,667","$0","$0.000","$1","2024",""
"","Alex Bregman","3B","HOU","24","2019","2024","5","$100,000,000","$20,000,000","$0","$0.000","$1","2025",""
"","Ronald Acuna Jr.","OF","ATL","21","2019","2028","8","$100,000,000","$12,500,000","$0","$0.000","$1","2029",""
"","Byron Buxton","CF","MIN","27","2022","2028","7","$100,000,000","$14,285,714","$0","$0.000","$1","2029",""
"","Nick Castellanos","DH","PHI","30","2022","2026","5","$100,000,000","$20,000,000","$0","$0.000","$1","2027",""
"","Josh Donaldson","3B","NYYMIN","34","2020","2024","4","$92,000,000","$23,000,000","$0","$0.000","$1","2025",""
"","D.J. LeMahieu","2B","NYY","32","2021","2026","6","$90,000,000","$15,000,000","$0","$0.000","$1","2027",""
"","Lance McCullers","SP","HOU","27","2021","2026","5","$85,000,000","$17,000,000","$0","$0.000","$1","2027",""
"","Madison Bumgarner","SP","ARI","30","2020","2024","5","$85,000,000","$17,000,000","$0","$0.000","$1","2025",""
"","Seiya Suzuki","OF","CHC","27","2022","2026","5","$85,000,000","$17,000,000","$0","$0.000","$1","2027",""
"","Wil Myers","RF","SD","26","2017","2023","6","$83,000,000","$13,833,333","$0","$0.000","$1","2024",""
"","Salvador Perez","C","KC","30","2021","2026","4","$82,000,000","$20,500,000","$0","$0.000","$1","2027",""
"","Hyun-Jin Ryu","SP","TOR","32","2020","2023","4","$80,000,000","$20,000,000","$0","$0.000","$1","2024",""
"","Kyle Schwarber","LF","PHI","29","2022","2025","4","$79,000,000","$19,750,000","$0","$0.000","$1","2026",""
"","Starling Marte","CF","NYM","33","2022","2025","4","$78,000,000","$19,500,000","$0","$0.000","$1","2026",""
"","Eduardo Rodriguez","SP","DET","28","2022","2026","5","$77,000,000","$15,400,000","$0","$0.000","$1","2027",""
"","Ketel Marte","2B","ARI","28","2022","2028","5","$76,000,000","$15,200,000","$0","$0.000","$1","2029",""
"","Yasmani Grandal","C","CHW","31","2020","2023","4","$73,000,000","$18,250,000","$0","$0.000","$1","2024",""
"","Michael Harris","CF","ATL","21","2023","2032","8","$72,000,000","$9,000,000","$0","$0.000","$1","2033",""
"","Marcus Stroman","SP","CHC","30","2022","2024","3","$71,000,000","$23,666,667","$0","$0.000","$1","2025",""
"","Ryan McMahon","3B","COL","27","2022","2027","6","$70,000,000","$11,666,667","$0","$0.000","$1","2028",""
"","Yoan Moncada","3B","CHW","24","2020","2025","5","$70,000,000","$14,000,000","$0","$0.000","$1","2026",""
"","Ke'Bryan Hayes","3B","PIT","25","2022","2030","8","$70,000,000","$8,750,000","$0","$0.000","$1","2031",""
"","Jean Segura","2B","PHISEA","27","2017","2023","5","$70,000,000","$14,000,000","$0","$0.000","$1","2024",""
"","Aaron Hicks","CF","NYY","29","2019","2026","7","$70,000,000","$10,000,000","$0","$0.000","$1","2027",""
"","Nathan Eovaldi","SP","BOS","28","2019","2022","4","$68,000,000","$17,000,000","$0","$0.000","$1","2023",""
"","Miles Mikolas","SP","STL","30","2019","2023","4","$68,000,000","$17,000,000","$0","$0.000","$1","2024",""
"","Eugenio Suarez","3B","SEACIN","26","2018","2025","6","$66,000,000","$11,000,000","$0","$0.000","$1","2026",""
"","Marcell Ozuna","DH","ATL","30","2021","2025","4","$65,000,000","$16,250,000","$0","$0.000","$1","2026",""
"","Kyle Freeland","SP","COL","28","2022","2027","5","$64,500,000","$12,900,000","$0","$0.000","$1","2028",""
"","Mike Moustakas","3B","CIN","31","2020","2024","4","$64,000,000","$16,000,000","$0","$0.000","$1","2025",""
"","A.J. Pollock","LF","CHWLAD","31","2019","2023","5","$60,000,000","$12,000,000","$0","$0.000","$1","2024",""
"","Chris Taylor","LF","LAD","31","2022","2026","4","$60,000,000","$15,000,000","$0","$0.000","$1","2027",""
"","Raisel Iglesias","RP","ATLLAA","31","2022","2025","4","$58,000,000","$14,500,000","$0","$0.000","$1","2026",""
"","Jon Gray","SP","TEX","30","2022","2025","4","$56,000,000","$14,000,000","$0","$0.000","$1","2026",""
"","Sandy Alcantara","SP","MIA","26","2022","2027","5","$56,000,000","$11,200,000","$0","$0.000","$1","2028",""
"","Kyle Hendricks","SP","CHC","29","2019","2023","4","$55,500,000","$13,875,000","$0","$0.000","$1","2024",""
"","Liam Hendriks","RP","CHW","31","2021","2024","3","$54,000,000","$18,000,000","$0","$0.000","$1","2025",""
"","Kevin Kiermaier","CF","TB","26","2017","2023","6","$53,500,000","$8,916,667","$0","$0.000","$1","2024",""
"","Avisail Garcia","RF","MIA","30","2022","2026","4","$53,000,000","$13,250,000","$0","$0.000","$1","2027",""
"","Randal Grichuk","RF","COLTOR","27","2019","2023","5","$52,000,000","$10,400,000","$0","$0.000","$1","2024",""
"","J.P. Crawford","SS","SEA","27","2022","2026","5","$51,000,000","$10,200,000","$0","$0.000","$1","2027",""
"","Antonio Senzatela","SP","COL","26","2022","2027","5","$50,500,000","$10,100,000","$0","$0.000","$1","2028",""
"","Blake Snell","SP","SDTB","26","2019","2023","5","$50,000,000","$10,000,000","$0","$0.000","$1","2024",""
"","Jose Abreu","1B","CHW","32","2020","2022","3","$50,000,000","$16,666,667","$0","$0.000","$1","2023",""
"","Luis Robert","CF","CHW","22","2020","2027","6","$50,000,000","$8,333,333","$0","$0.000","$1","2028",""
"","Justin Verlander","SP","HOU","38","2022","2023","2","$50,000,000","$25,000,000","$0","$0.000","$1","2024",""
"","Aroldis Chapman","RP","NYY","31","2020","2022","3","$48,000,000","$16,000,000","$0","$0.000","$1","2023",""
"","Aaron Nola","SP","PHI","25","2019","2023","4","$45,000,000","$11,250,000","$0","$0.000","$1","2024",""
"","Steven Matz","SP","STL","30","2022","2025","4","$44,000,000","$11,000,000","$0","$0.000","$1","2026",""
"","Carlos Rodon","SP","SF","29","2022","2023","2","$44,000,000","$22,000,000","$0","$0.000","$1","2024",""
"","Craig Kimbrel","RP","LADCHC","31","2019","2022","3","$43,000,000","$14,333,333","$0","$0.000","$1","2023",""
"","German Marquez","SP","COL","24","2019","2024","5","$43,000,000","$8,600,000","$0","$0.000","$1","2025",""
"","Eloy Jimenez","LF","CHW","22","2019","2026","6","$43,000,000","$7,166,667","$0","$0.000","$1","2027",""
"","James McCann","C","NYM","30","2021","2024","4","$40,600,000","$10,150,000","$0","$0.000","$1","2025",""
"","Luis Severino","SP","NYY","24","2019","2023","4","$40,000,000","$10,000,000","$0","$0.000","$1","2024",""
"","Will Smith","RP","HOUATL","30","2020","2023","3","$40,000,000","$13,333,333","$0","$0.000","$1","2024",""
"","Zack Britton","RP","NYY","31","2019","2022","3","$39,000,000","$13,000,000","$0","$0.000","$1","2023",""
"","Lance Lynn","SP","CHW","34","2022","2023","2","$38,000,000","$19,000,000","$0","$0.000","$1","2025",""
"","Yusei Kikuchi","SP","TOR","30","2022","2024","3","$36,000,000","$12,000,000","$0","$0.000","$1","2025",""
"","Jorge Soler","DH","MIA","30","2022","2024","3","$36,000,000","$12,000,000","$0","$0.000","$1","2025",""
"","Anthony DeSclafani","SP","SF","31","2022","2024","3","$36,000,000","$12,000,000","$0","$0.000","$1","2025",""
"","Max Kepler","RF","MIN","26","2019","2024","5","$35,000,000","$7,000,000","$0","$0.000","$1","2025",""
"","Ozzie Albies","2B","ATL","22","2019","2027","7","$35,000,000","$5,000,000","$0","$0.000","$1","2028",""
"","Justin Turner","3B","LAD","36","2021","2023","2","$34,000,000","$17,000,000","$0","$0.000","$1","2024",""
"","Drew Pomeranz","RP","SD","31","2020","2023","4","$34,000,000","$8,500,000","$0","$0.000","$1","2024",""
"","Nick Ahmed","SS","ARI","29","2020","2023","4","$32,500,000","$8,125,000","$0","$0.000","$1","2024",""
"","Michael Brantley","LF","HOU","31","2021","2022","2","$32,000,000","$16,000,000","$0","$0.000","$1","2023",""
"","Brandon Crawford","SS","SF","34","2022","2023","2","$32,000,000","$16,000,000","$0","$0.000","$1","2024",""
"","Anthony Rizzo","1B","NYY","32","2022","2023","2","$32,000,000","$16,000,000","$0","$0.000","$1","2024",""
"","Sonny Gray","SP","MINCIN","29","2019","2023","3","$30,500,000","$10,166,667","$0","$0.000","$1","2024",""
"","Tyler Glasnow","SP","TB","29","2023","2024","2","$30,350,000","$15,175,000","$0","$0.000","$1","2025",""
"","Marco Gonzales","SP","SEA","27","2020","2025","4","$30,000,000","$7,500,000","$0","$0.000","$1","2026",""
"","Miguel Sano","1B","MIN","26","2020","2023","3","$30,000,000","$10,000,000","$0","$0.000","$1","2024",""
"","Ryan Pressly","RP","HOU","33","2022","2025","2","$30,000,000","$15,000,000","$0","$0.000","$1","2026",""
"","Ha-seong Kim","SS","SD","25","2021","2025","4","$28,000,000","$7,000,000","$0","$0.000","$1","2026",""
"","Kyle Gibson","SP","PHITEX","32","2020","2022","3","$28,000,000","$9,333,333","$0","$0.000","$1","2023",""
"","Mark Canha","LF","NYM","32","2022","2024","2","$26,500,000","$13,250,000","$0","$0.000","$1","2025",""
"","David Fletcher","2B","LAA","26","2021","2027","5","$26,000,000","$5,200,000","$0","$0.000","$1","2028",""
"","Paul DeJong","SS","STL","24","2018","2025","6","$26,000,000","$4,333,333","$0","$0.000","$1","2026",""
"","Max Muncy","1B","LAD","29","2020","2023","3","$26,000,000","$8,666,667","$0","$0.000","$1","2024",""
"","Jorge Polanco","SS","MIN","25","2019","2025","5","$25,750,000","$5,150,000","$0","$0.000","$1","2026",""
"","Nick Martinez","SP","SD","31","2022","2025","4","$25,500,000","$6,375,000","$0","$0.000","$1","2026",""
"","Kenta Maeda","SP","MINLAD","27","2016","2023","8","$25,000,000","$3,125,000","$0","$0.000","$1","2024",""
"","Tim Anderson","SS","CHW","23","2017","2022","6","$25,000,000","$4,166,667","$0","$0.000","$1","2025",""
"","Hunter Dozier","1B","KC","29","2021","2025","4","$25,000,000","$6,250,000","$0","$0.000","$1","2026",""
"","Matt Chapman","3B","TOR","28","2022","2023","2","$25,000,000","$12,500,000","$0","$0.000","$1","2024",""
"","Alex Wood","SP","SF","30","2022","2023","2","$25,000,000","$12,500,000","$0","$0.000","$1","2024",""
"","Myles Straw","CF","CLE","27","2022","2026","5","$25,000,000","$5,000,000","$0","$0.000","$1","2029",""
"","Will Harris","RP","WSH","35","2020","2022","3","$24,000,000","$8,000,000","$0","$0.000","$1","2023",""
"","Brandon Lowe","2B","TB","24","2019","2026","6","$24,000,000","$4,000,000","$0","$0.000","$1","2027",""
"","Kendall Graveman","RP","CHW","30","2022","2024","3","$24,000,000","$8,000,000","$0","$0.000","$1","2025",""
"","Jake Odorizzi","SP","HOU","30","2021","2023","3","$23,500,000","$7,833,333","$0","$0.000","$1","2024",""
"","Taijuan Walker","SP","NYM","28","2021","2023","3","$23,000,000","$7,666,667","$0","$0.000","$1","2024",""
"","Felipe Vazquez","RP","PIT","26","2018","2023","4","$22,500,000","$5,625,000","$0","$0.000","$1","2024",""
"","Lourdes Gurriel Jr.","LF","TOR","23","2017","2024","7","$22,000,000","$3,142,857","$0","$0.000","$1","2025",""
"","David Peralta","LF","TBARI","32","2020","2022","3","$22,000,000","$7,333,333","$0","$0.000","$1","2023",""
"","Jurickson Profar","LF","SD","27","2021","2023","3","$21,000,000","$7,000,000","$0","$0.000","$1","2024",""
"","Trea Turner","SS","LAD","28","2022","2022","1","$21,000,000","$21,000,000","$0","$0.000","$1","2023",""
"","Noah Syndergaard","SP","PHILAA","29","2022","2022","1","$21,000,000","$21,000,000","$0","$0.000","$1","2023",""
"","Aaron Ashby","RP","MIL","24","2022","2029","5","$20,500,000","$4,100,000","$0","$0.000","$1","2030",""
"","Alex Cobb","SP","SF","34","2022","2024","2","$20,000,000","$10,000,000","$0","$0.000","$1","2025",""
"","Eduardo Escobar","3B","NYM","32","2022","2024","2","$20,000,000","$10,000,000","$0","$0.000","$1","2025",""
"","Charlie Morton","SP","ATL","37","2022","2023","1","$20,000,000","$20,000,000","$0","$0.000","$1","2024",""
"","Emmanuel Clase","RP","CLE","24","2022","2028","5","$20,000,000","$4,000,000","$0","$0.000","$1","2029",""
"","Manuel Margot","RF","TB","27","2022","2025","2","$19,000,000","$9,500,000","$0","$0.000","$1","2026",""
"","Aaron Judge","RF","NYY","30","2022","2022","1","$19,000,000","$19,000,000","$0","$0.000","$1","2023",""
"","Daniel Bard","RP","COL","37","2023","2024","2","$19,000,000","$9,500,000","$0","$0.000","$1","2025",""
"","Matt Barnes","RP","BOS","31","2022","2024","2","$18,750,000","$9,375,000","$0","$0.000","$1","2025",""
"","Tommy La Stella","2B","SF","31","2021","2023","3","$18,750,000","$6,250,000","$0","$0.000","$1","2024",""
"","Garrett Whitlock","RP","BOS","25","2022","2028","4","$18,750,000","$4,687,500","$0","$0.000","$1","2029",""
"","Brandon Belt","1B","SF","33","2022","2022","1","$18,400,000","$18,400,000","$0","$0.000","$1","2023",""
"","Mike Minor","SP","CINKC","32","2021","2023","2","$18,000,000","$9,000,000","$0","$0.000","$1","2024",""
"","Kolten Wong","2B","MIL","30","2021","2023","2","$18,000,000","$9,000,000","$0","$0.000","$1","2024",""
"","Merrill Kelly","SP","ARI","33","2022","2024","2","$18,000,000","$9,000,000","$0","$0.000","$1","2026",""
"","Eddie Rosario","LF","ATL","30","2022","2024","2","$18,000,000","$9,000,000","$0","$0.000","$1","2025",""
"","Max Stassi","C","LAA","31","2022","2025","3","$17,500,000","$5,833,333","$0","$0.000","$1","2026",""
"","Carlos Santana","1B","SEAKC","34","2021","2022","2","$17,500,000","$8,750,000","$0","$0.000","$1","2023",""
"","Adam Wainwright","SP","STL","40","2022","2022","1","$17,500,000","$17,500,000","$0","$0.000","$1","2023",""
"","Juan Soto","RF","SDWSH","23","2022","2022","1","$17,100,000","$17,100,000","$0","$0.000","$1","2025",""
"","Cody Bellinger","CF","LAD","26","2022","2022","1","$17,000,000","$17,000,000","$0","$0.000","$1","2024",""
"","Clayton Kershaw","SP","LAD","33","2022","2022","1","$17,000,000","$17,000,000","$0","$0.000","$1","2023",""
"","Hector Neris","RP","HOU","32","2022","2024","2","$17,000,000","$8,500,000","$0","$0.000","$1","2025",""
"","Joe Kelly","RP","CHW","33","2022","2024","2","$17,000,000","$8,500,000","$0","$0.000","$1","2025",""
"","Aaron Loup","RP","LAA","33","2022","2024","2","$17,000,000","$8,500,000","$0","$0.000","$1","2025",""
"","Leury Garcia","2B","CHW","30","2022","2024","3","$16,500,000","$5,500,000","$0","$0.000","$1","2025",""
"","Whit Merrifield","RF","TORKC","30","2019","2024","4","$16,250,000","$4,062,500","$0","$0.000","$1","2025",""
"","Aaron Bummer","RP","CHW","26","2020","2026","5","$16,000,000","$3,200,000","$0","$0.000","$1","2027",""
"","Travis d'Arnaud","C","ATL","30","2022","2024","2","$16,000,000","$8,000,000","$0","$0.000","$1","2025",""
"","Kenley Jansen","RP","ATL","34","2022","2022","1","$16,000,000","$16,000,000","$0","$0.000","$1","2023",""
"","Tucker Barnhart","C","DETCIN","26","2017","2022","4","$16,000,000","$4,000,000","$0","$0.000","$1","2023",""
"","Trevor May","RP","NYM","31","2021","2022","2","$15,500,000","$7,750,000","$0","$0.000","$1","2023",""
"","Freddy Peralta","SP","MIL","23","2020","2026","5","$15,500,000","$3,100,000","$0","$0.000","$1","2027",""
"","Jonathan Schoop","2B","DET","29","2021","2023","2","$15,000,000","$7,500,000","$0","$0.000","$1","2024",""
"","Wade Miley","SP","CHCCIN","33","2020","2022","2","$15,000,000","$7,500,000","$0","$0.000","$1","2023",""
"","Nelson Cruz","DH","WSH","41","2022","2023","1","$15,000,000","$15,000,000","$0","$0.000","$1","2024",""
"","Jose Leclerc","RP","TEX","25","2019","2024","4","$14,750,000","$3,687,500","$0","$0.000","$1","2025",""
"","Elias Diaz","C","COL","31","2022","2024","3","$14,500,000","$4,833,333","$0","$0.000","$1","2025",""
"","Jesse Winker","DH","SEA","28","2022","2023","2","$14,500,000","$7,250,000","$0","$0.000","$1","2024",""
"","C.J. Cron","1B","COL","31","2022","2023","2","$14,500,000","$7,250,000","$0","$0.000","$1","2024",""
"","Ryan Tepera","RP","LAA","34","2022","2023","2","$14,000,000","$7,000,000","$0","$0.000","$1","2024",""
"","Mark Melancon","RP","ARI","36","2022","2024","2","$14,000,000","$7,000,000","$0","$0.000","$1","2025",""
"","Enrique Hernandez","CF","BOS","29","2021","2022","2","$14,000,000","$7,000,000","$0","$0.000","$1","2023",""
"","Bryan Reynolds","CF","PIT","27","2022","2023","2","$13,500,000","$6,750,000","$0","$0.000","$1","2026",""
"","Max Muncy","1B","LAD","31","2023","2024","1","$13,500,000","$13,500,000","$0","$0.000","$1","2025",""
"","Christian Vazquez","C","HOUBOS","27","2018","2022","3","$13,350,000","$4,450,000","$0","$0.000","$1","2023",""
"","Scott Oberg","RP","COL","29","2020","2023","3","$13,000,000","$4,333,333","$0","$0.000","$1","2024",""
"","Andrew Chafin","RP","DET","31","2022","2023","2","$13,000,000","$6,500,000","$0","$0.000","$1","2024",""
"","Yan Gomes","C","CHC","34","2022","2024","2","$13,000,000","$6,500,000","$0","$0.000","$1","2025",""
"","Zack Greinke","SP","KC","38","2022","2022","1","$13,000,000","$13,000,000","$0","$0.000","$1","2023",""
"","Mike Clevinger","SP","SD","29","2021","2022","2","$11,500,000","$5,750,000","$0","$0.000","$1","2023",""
"","Rafael Devers","3B","BOS","25","2022","2022","1","$11,200,000","$11,200,000","$0","$0.000","$1","2024",""
"","Yimi Garcia","RP","TOR","31","2022","2024","2","$11,000,000","$5,500,000","$0","$0.000","$1","2025",""
"","Josh Hader","RP","SDMIL","27","2022","2022","1","$11,000,000","$11,000,000","$0","$0.000","$1","2024",""
"","Robert Suarez","RP","SD","30","2022","2023","2","$11,000,000","$5,500,000","$0","$0.000","$1","2024",""
"","Teoscar Hernandez","DH","TOR","29","2022","2022","1","$10,650,000","$10,650,000","$0","$0.000","$1","2024",""
"","Harrison Bader","CF","NYYSTL","27","2022","2023","2","$10,400,000","$5,200,000","$0","$0.000","$1","2024",""
"","Joey Gallo","LF","LADNYY","28","2022","2022","1","$10,275,000","$10,275,000","$0","$0.000","$1","2023",""
"","Edwin Diaz","RP","NYM","28","2022","2022","1","$10,200,000","$10,200,000","$0","$0.000","$1","2023",""
"","Yadier Molina","C","STL","39","2022","2022","1","$10,000,000","$10,000,000","$0","$0.000","$1","2023",""
"","James Paxton","SP","BOS","33","2022","2024","1","$10,000,000","$10,000,000","$0","$0.000","$1","2025",""
"","Brad Miller","LF","TEX","32","2022","2023","2","$10,000,000","$5,000,000","$0","$0.000","$1","2024",""
"","Corey Knebel","RP","PHI","30","2022","2022","1","$10,000,000","$10,000,000","$0","$0.000","$1","2023",""
"","Robbie Grossman","RF","ATLDET","31","2021","2022","2","$10,000,000","$5,000,000","$0","$0.000","$1","2023",""
"","Josh Bell","1B","SDWSH","29","2022","2022","1","$10,000,000","$10,000,000","$0","$0.000","$1","2023",""
"","Collin McHugh","RP","ATL","34","2022","2023","2","$10,000,000","$5,000,000","$0","$0.000","$1","2025",""
"","Miguel Rojas","SS","MIA","32","2022","2023","2","$10,000,000","$5,000,000","$0","$0.000","$1","2024",""
"","Brooks Raley","RP","TB","33","2022","2024","2","$10,000,000","$5,000,000","$0","$0.000","$1","2026",""
"","Dansby Swanson","SS","ATL","28","2022","2022","1","$10,000,000","$10,000,000","$0","$0.000","$1","2023",""
"","Sean Manaea","SP","SDOAK","30","2022","2022","1","$9,750,000","$9,750,000","$0","$0.000","$1","2023",""
"","Willson Contreras","C","CHC","30","2022","2022","1","$9,625,000","$9,625,000","$0","$0.000","$1","2023",""
"","Randy Dobnak","SP","MIN","26","2021","2028","5","$9,250,000","$1,850,000","$0","$0.000","$1","2029",""
"","Craig Stammen","RP","SD","35","2020","2022","2","$9,000,000","$4,500,000","$0","$0.000","$1","2023",""
"","Gary Sanchez","C","MINNYY","29","2022","2022","1","$9,000,000","$9,000,000","$0","$0.000","$1","2023",""
"","Michael Taylor","CF","KC","30","2022","2023","2","$9,000,000","$4,500,000","$0","$0.000","$1","2024",""
"","Chris Bassitt","SP","NYMOAK","33","2022","2023","1","$8,800,000","$8,800,000","$0","$0.000","$1","2024",""
"","Andrew Heaney","SP","LAD","30","2022","2022","1","$8,500,000","$8,500,000","$0","$0.000","$1","2023",""
"","Andrew Benintendi","LF","NYYKC","27","2022","2022","1","$8,500,000","$8,500,000","$0","$0.000","$1","2023",""
"","Shohei Ohtani","SP","LAA","26","2021","2022","2","$8,500,000","$4,250,000","$0","$0.000","$1","2024",""
"","Andrew McCutchen","DH","MIL","35","2022","2022","1","$8,500,000","$8,500,000","$0","$0.000","$1","2023",""
"","Kirby Yates","RP","ATL","34","2022","2024","2","$8,250,000","$4,125,000","$0","$0.000","$1","2025",""
"","Jake Diekman","RP","CHWBOS","35","2022","2024","2","$8,000,000","$4,000,000","$0","$0.000","$1","2025",""
"","Adam Frazier","2B","SEASD","30","2022","2022","1","$8,000,000","$8,000,000","$0","$0.000","$1","2023",""
"","Blake Treinen","RP","LAD","33","2023","2024","1","$8,000,000","$8,000,000","$0","$0.000","$1","2025",""
"","Walker Buehler","SP","LAD","26","2021","2022","2","$8,000,000","$4,000,000","$0","$0.000","$1","2025",""
"","Julio Urias","SP","LAD","25","2022","2022","1","$8,000,000","$8,000,000","$0","$0.000","$1","2024",""
"","Corey Kluber","SP","TB","35","2022","2022","1","$8,000,000","$8,000,000","$0","$0.000","$1","2023",""
"","Tyler Anderson","SP","LAD","32","2022","2022","1","$8,000,000","$8,000,000","$0","$0.000","$1","2023",""
"","Manuel Pina","C","ATL","34","2022","2024","2","$8,000,000","$4,000,000","$0","$0.000","$1","2025",""
"","Vladimir Guerrero Jr.","1B","TOR","23","2022","2022","1","$7,900,000","$7,900,000","$0","$0.000","$1","2026",""
"","Mitch Haniger","RF","SEA","31","2022","2022","1","$7,750,000","$7,750,000","$0","$0.000","$1","2023",""
"","Trey Mancini","1B","HOUBAL","30","2022","2023","1","$7,750,000","$7,750,000","$0","$0.000","$1","2024",""
"","Rhys Hoskins","1B","PHI","29","2022","2022","1","$7,700,000","$7,700,000","$0","$0.000","$1","2024",""
"","Hunter Renfroe","RF","MILBOS","30","2022","2022","1","$7,650,000","$7,650,000","$0","$0.000","$1","2024",""
"","Andres Munoz","RP","SEA","22","2022","2028","4","$7,500,000","$1,875,000","$0","$0.000","$1","2029",""
"","Tommy Pham","LF","BOSCIN","34","2022","2023","1","$7,500,000","$7,500,000","$0","$0.000","$1","2024",""
"","Lucas Giolito","SP","CHW","27","2022","2022","1","$7,450,000","$7,450,000","$0","$0.000","$1","2024",""
"","Pete Alonso","1B","NYM","27","2022","2022","1","$7,400,000","$7,400,000","$0","$0.000","$1","2025",""
"","Luis Castillo","SP","SEACIN","29","2022","2022","1","$7,350,000","$7,350,000","$0","$0.000","$1","2024",""
"","Taylor Rogers","RP","MILMIN","31","2022","2022","1","$7,300,000","$7,300,000","$0","$0.000","$1","2023",""
"","Austin Barnes","C","LAD","32","2023","2025","2","$7,000,000","$3,500,000","$0","$0.000","$1","2026",""
"","Luis Garcia","RP","SD","34","2022","2023","2","$7,000,000","$3,500,000","$0","$0.000","$1","2024",""
"","Jordan Lyles","SP","BAL","31","2022","2023","1","$7,000,000","$7,000,000","$0","$0.000","$1","2024",""
"","Jason Castro","C","HOU","33","2021","2022","2","$7,000,000","$3,500,000","$0","$0.000","$1","2023",""
"","Yulieski Gurriel","1B","HOU","36","2021","2022","1","$7,000,000","$7,000,000","$0","$0.000","$1","2023",""
"","Brandon Nimmo","RF","NYM","28","2022","2022","1","$7,000,000","$7,000,000","$0","$0.000","$1","2023",""
"","Michael Wacha","SP","BOS","30","2022","2022","1","$7,000,000","$7,000,000","$0","$0.000","$1","2023",""
"","Daniel Hudson","RP","LAD","34","2022","2023","1","$7,000,000","$7,000,000","$0","$0.000","$1","2024",""
"","Max Fried","SP","ATL","28","2022","2022","1","$6,850,000","$6,850,000","$0","$0.000","$1","2025",""
"","Ian Happ","LF","CHC","27","2022","2022","1","$6,850,000","$6,850,000","$0","$0.000","$1","2024",""
"","Brandon Woodruff","SP","MIL","29","2022","2022","1","$6,800,000","$6,800,000","$0","$0.000","$1","2025",""
"","Michael Lorenzen","SP","LAA","29","2022","2022","1","$6,750,000","$6,750,000","$0","$0.000","$1","2023",""
"","Giovanny Urshela","SS","MINNYY","30","2022","2022","1","$6,550,000","$6,550,000","$0","$0.000","$1","2024",""
"","Corbin Burnes","SP","MIL","27","2022","2022","1","$6,500,000","$6,500,000","$0","$0.000","$1","2025",""
"","Darin Ruf","DH","NYMSF","35","2022","2024","2","$6,250,000","$3,125,000","$0","$0.000","$1","2025",""
"","Gleyber Torres","2B","NYY","25","2022","2022","1","$6,250,000","$6,250,000","$0","$0.000","$1","2025",""
"","Wilmer Flores","1B","SF","28","2020","2022","2","$6,250,000","$3,125,000","$0","$0.000","$1","2023",""
"","Kohei Arihara","SP","TEX","28","2021","2022","2","$6,200,000","$3,100,000","$0","$0.000","$1","2023",""
"","Joc Pederson","LF","SF","29","2022","2022","1","$6,000,000","$6,000,000","$0","$0.000","$1","2023",""
"","Brad Hand","RP","PHI","31","2022","2022","1","$6,000,000","$6,000,000","$0","$0.000","$1","2023",""
"","Richard Bleier","RP","MIA","34","2022","2024","2","$6,000,000","$3,000,000","$0","$0.000","$1","2025",""
"","Shane Bieber","SP","CLE","26","2022","2022","1","$6,000,000","$6,000,000","$0","$0.000","$1","2025",""
"","Jordan Montgomery","SP","STLNYY","29","2022","2022","1","$6,000,000","$6,000,000","$0","$0.000","$1","2024",""
"","John Means","SP","BAL","29","2022","2023","2","$5,925,000","$2,962,500","$0","$0.000","$1","2025",""
"","Jameson Taillon","SP","NYY","30","2022","2022","1","$5,800,000","$5,800,000","$0","$0.000","$1","2023",""
"","Jeimer Candelario","3B","DET","28","2022","2022","1","$5,800,000","$5,800,000","$0","$0.000","$1","2024",""
"","Zach Eflin","SP","PHI","28","2022","2023","1","$5,700,000","$5,700,000","$0","$0.000","$1","2024",""
"","Drew VerHagen","RP","STL","31","2022","2023","2","$5,500,000","$2,750,000","$0","$0.000","$1","2024",""
"","Josh Harrison","2B","CHW","34","2022","2023","1","$5,500,000","$5,500,000","$0","$0.000","$1","2024",""
"","Luke Voit","DH","WSHSD","31","2022","2022","1","$5,450,000","$5,450,000","$0","$0.000","$1","2025",""
"","Drew Smyly","SP","CHC","32","2022","2023","1","$5,250,000","$5,250,000","$0","$0.000","$1","2024",""
"","Tommy Kahnle","RP","LAD","31","2021","2022","2","$5,250,000","$2,625,000","$0","$0.000","$1","2023",""
"","Matt Boyd","SP","SEASF","31","2022","2022","1","$5,200,000","$5,200,000","$0","$0.000","$1","2023",""
"","Tyler Mahle","SP","MINCIN","27","2022","2022","1","$5,200,000","$5,200,000","$0","$0.000","$1","2024",""
"","Kole Calhoun","RF","TEX","34","2022","2023","1","$5,200,000","$5,200,000","$0","$0.000","$1","2024",""
"","Justin Wilson","RP","CINNYY","33","2021","2022","2","$5,150,000","$2,575,000","$0","$0.000","$1","2023",""
"","Tyler Glasnow","SP","TB","28","2022","2022","1","$5,100,000","$5,100,000","$0","$0.000","$1","2024",""
"","Frankie Montas","SP","NYYOAK","29","2022","2022","1","$5,025,000","$5,025,000","$0","$0.000","$1","2024",""
"","Anthony Bass","RP","TORMIA","33","2021","2023","2","$5,000,000","$2,500,000","$0","$0.000","$1","2024",""
"","Corey Dickerson","LF","STL","32","2022","2022","1","$5,000,000","$5,000,000","$0","$0.000","$1","2023",""
"","Jack Flaherty","SP","STL","26","2022","2022","1","$5,000,000","$5,000,000","$0","$0.000","$1","2024",""
"","Mychal Givens","RP","NYMCHC","31","2022","2022","1","$5,000,000","$5,000,000","$0","$0.000","$1","2024",""
"","Dylan Bundy","SP","MIN","27","2022","2023","1","$5,000,000","$5,000,000","$0","$0.000","$1","2024",""
"","Omar Narvaez","C","MIL","30","2022","2022","1","$5,000,000","$5,000,000","$0","$0.000","$1","2023",""
"","Rich Hill","SP","BOS","41","2022","2022","1","$5,000,000","$5,000,000","$0","$0.000","$1","2023",""
"","Pierce Johnson","RP","SD","28","2020","2022","2","$5,000,000","$2,500,000","$0","$0.000","$1","2026",""
"","Martin Maldonado","C","HOU","34","2022","2022","1","$5,000,000","$5,000,000","$0","$0.000","$1","2023",""
"","Jose Iglesias","SS","COL","32","2022","2022","1","$5,000,000","$5,000,000","$0","$0.000","$1","2023",""
"","Roberto Perez","C","PIT","32","2022","2022","1","$5,000,000","$5,000,000","$0","$0.000","$1","2023",""
"","Amed Rosario","SS","CLE","26","2022","2022","1","$4,950,000","$4,950,000","$0","$0.000","$1","2024",""
"","Michael Fulmer","RP","MINDET","29","2022","2022","1","$4,950,000","$4,950,000","$0","$0.000","$1","2023",""
"","Brad Keller","RP","KC","26","2022","2022","1","$4,825,000","$4,825,000","$0","$0.000","$1","2024",""
"","Dinelson Lamet","RP","COLSD","29","2022","2022","1","$4,775,000","$4,775,000","$0","$0.000","$1","2024",""
"","Ian Kennedy","RP","ARI","37","2022","2023","1","$4,750,000","$4,750,000","$0","$0.000","$1","2024",""
"","Chris Flexen","SP","SEA","26","2021","2023","2","$4,750,000","$2,375,000","$0","$0.000","$1","2027",""
"","Isiah Kiner-Falefa","SS","NYY","26","2022","2022","1","$4,700,000","$4,700,000","$0","$0.000","$1","2024",""
"","Joe Wendle","3B","MIATB","31","2022","2023","1","$4,625,000","$4,625,000","$0","$0.000","$1","2024",""
"","Willy Adames","SS","MIL","26","2022","2022","1","$4,600,000","$4,600,000","$0","$0.000","$1","2025",""
"","Franmil Reyes","DH","CHCCLE","26","2022","2022","1","$4,550,000","$4,550,000","$0","$0.000","$1","2025",""
"","Donovan Solano","2B","CIN","34","2022","2022","1","$4,500,000","$4,500,000","$0","$0.000","$1","2023",""
"","Trevor Rosenthal","RP","MILSF","32","2022","2022","1","$4,500,000","$4,500,000","$0","$0.000","$1","2023",""
"","Brian Anderson","3B","MIA","28","2022","2022","1","$4,475,000","$4,475,000","$0","$0.000","$1","2024",""
"","Aledmys Diaz","SS","HOU","31","2022","2022","1","$4,450,000","$4,450,000","$0","$0.000","$1","2023",""
"","Johnny Cueto","SP","CHW","35","2022","2022","1","$4,200,000","$4,200,000","$0","$0.000","$1","2023",""
"","Alex Colome","RP","COL","33","2022","2022","1","$4,100,000","$4,100,000","$0","$0.000","$1","2023",""
"","Tyler Naquin","LF","NYMCIN","30","2022","2022","1","$4,025,000","$4,025,000","$0","$0.000","$1","2023",""
"","Cesar Hernandez","2B","WSH","31","2022","2022","1","$4,000,000","$4,000,000","$0","$0.000","$1","2023",""
"","Austin Meadows","DH","DETTB","26","2022","2022","1","$4,000,000","$4,000,000","$0","$0.000","$1","2025",""
"","Martin Perez","SP","TEX","27","2022","2022","1","$4,000,000","$4,000,000","$0","$0.000","$1","2023",""
"","Austin Hedges","C","CLE","29","2022","2022","1","$4,000,000","$4,000,000","$0","$0.000","$1","2023",""
"","Chad Green","RP","NYY","30","2022","2022","1","$4,000,000","$4,000,000","$0","$0.000","$1","2023",""
"","Adam Ottavino","RP","NYM","36","2022","2022","1","$4,000,000","$4,000,000","$0","$0.000","$1","2023",""
"","Austin Riley","3B","ATL","25","2022","2022","1","$3,950,000","$3,950,000","$0","$0.000","$1","2026",""
"","Raimel Tapia","LF","TORCOL","28","2022","2022","1","$3,950,000","$3,950,000","$0","$0.000","$1","2024",""
"","Seth Lugo","RP","NYM","32","2022","2022","1","$3,925,000","$3,925,000","$0","$0.000","$1","2023",""
"","Trevor Williams","RP","NYM","29","2022","2022","1","$3,900,000","$3,900,000","$0","$0.000","$1","2023",""
"","Ross Stripling","SP","TOR","32","2022","2022","1","$3,790,000","$3,790,000","$0","$0.000","$1","2023",""
"","Archie Bradley","RP","LAA","29","2022","2022","1","$3,750,000","$3,750,000","$0","$0.000","$1","2023",""
"","Mike Yastrzemski","RF","SF","31","2022","2022","1","$3,700,000","$3,700,000","$0","$0.000","$1","2026",""
"","Spencer Turnbull","SP","DET","29","2022","2023","2","$3,650,000","$1,825,000","$0","$0.000","$1","2025",""
"","Luke Jackson","RP","ATL","30","2022","2022","1","$3,600,000","$3,600,000","$0","$0.000","$1","2023",""
"","Alex Verdugo","LF","BOS","25","2022","2022","1","$3,550,000","$3,550,000","$0","$0.000","$1","2025",""
"","David Robertson","RP","PHICHC","36","2022","2022","1","$3,500,000","$3,500,000","$0","$0.000","$1","2023",""
"","Chris Archer","SP","MIN","33","2022","2023","1","$3,500,000","$3,500,000","$0","$0.000","$1","2024",""
"","Tyler O'Neill","LF","STL","26","2022","2022","1","$3,400,000","$3,400,000","$0","$0.000","$1","2025",""
"","Mitch Garver","C","TEXMIN","31","2022","2022","1","$3,335,000","$3,335,000","$0","$0.000","$1","2024",""
"","Carson Kelly","C","ARI","27","2022","2022","1","$3,325,000","$3,325,000","$0","$0.000","$1","2025",""
"","Ji-Man Choi","1B","TB","30","2022","2022","1","$3,200,000","$3,200,000","$0","$0.000","$1","2024",""
"","Kyle Farmer","SS","CIN","31","2022","2022","1","$3,155,000","$3,155,000","$0","$0.000","$1","2025",""
"","Anthony Santander","RF","BAL","27","2022","2022","1","$3,150,000","$3,150,000","$0","$0.000","$1","2025",""
"","Carlos Estevez","RP","COL","29","2022","2022","1","$3,025,000","$3,025,000","$0","$0.000","$1","2023",""
"","Vincent Velasquez","SP","CHW","29","2022","2022","1","$3,000,000","$3,000,000","$0","$0.000","$1","2023",""
"","Adalberto Mondesi","DH","KC","26","2022","2022","1","$3,000,000","$3,000,000","$0","$0.000","$1","2024",""
"","Mike Zunino","C","TB","29","2021","2022","1","$3,000,000","$3,000,000","$0","$0.000","$1","2023",""
"","Lou Trivino","RP","NYYOAK","30","2022","2022","1","$3,000,000","$3,000,000","$0","$0.000","$1","2025",""
"","Jeff McNeil","2B","NYM","29","2022","2022","1","$3,000,000","$3,000,000","$0","$0.000","$1","2025",""
"","Dylan Floro","RP","MIA","31","2022","2022","1","$3,000,000","$3,000,000","$0","$0.000","$1","2024",""
"","Framber Valdez","SP","HOU","28","2022","2022","1","$3,000,000","$3,000,000","$0","$0.000","$1","2026",""
"","Bryan Shaw","RP","CLE","34","2022","2023","1","$3,000,000","$3,000,000","$0","$0.000","$1","2024",""
"","Chad Kuhl","SP","COL","29","2022","2022","1","$3,000,000","$3,000,000","$0","$0.000","$1","2023",""
"","Danny Duffy","SP","LAD","33","2022","2023","1","$3,000,000","$3,000,000","$0","$0.000","$1","2024",""
"","Matthew Strahm","RP","BOS","30","2022","2022","1","$3,000,000","$3,000,000","$0","$0.000","$1","2023",""
"","Orlando Arcia","2B","ATL","27","2022","2024","2","$3,000,000","$1,500,000","$0","$0.000","$1","2025",""
"","Luke Weaver","RP","KCARI","28","2022","2022","1","$2,875,000","$2,875,000","$0","$0.000","$1","2024",""
"","Alexander Reyes","RP","STL","27","2022","2022","1","$2,850,000","$2,850,000","$0","$0.000","$1","2024",""
"","Michael Soroka","SP","ATL","23","2022","2022","1","$2,800,000","$2,800,000","$0","$0.000","$1","2025",""
"","Yandy Diaz","3B","TB","30","2022","2022","1","$2,800,000","$2,800,000","$0","$0.000","$1","2025",""
"","J.D. Davis","3B","SFNYM","28","2022","2022","1","$2,760,000","$2,760,000","$0","$0.000","$1","2025",""
"","Jorge Alfaro","C","SDMIA","28","2022","2022","1","$2,725,000","$2,725,000","$0","$0.000","$1","2024",""
"","Rafael Montero","RP","HOU","31","2022","2022","1","$2,725,000","$2,725,000","$0","$0.000","$1","2023",""
"","Chad Pinder","LF","OAK","29","2022","2022","1","$2,725,000","$2,725,000","$0","$0.000","$1","2023",""
"","Chris Stratton","RP","STLPIT","31","2022","2022","1","$2,700,000","$2,700,000","$0","$0.000","$1","2024",""
"","Brent Suter","RP","MIL","32","2022","2022","1","$2,700,000","$2,700,000","$0","$0.000","$1","2024",""
"","Nick Pivetta","SP","BOS","29","2022","2022","1","$2,650,000","$2,650,000","$0","$0.000","$1","2025",""
"","Reynaldo Lopez","RP","CHW","28","2022","2022","1","$2,625,000","$2,625,000","$0","$0.000","$1","2024",""
"","Miguel Castro","RP","NYYNYM","27","2022","2022","1","$2,620,000","$2,620,000","$0","$0.000","$1","2023",""
"","Christian Walker","1B","ARI","30","2022","2022","1","$2,600,000","$2,600,000","$0","$0.000","$1","2025",""
"","Curt Casali","C","SEASF","33","2022","2022","1","$2,600,000","$2,600,000","$0","$0.000","$1","2023",""
"","Nicholas Lopez","SS","KC","27","2022","2022","1","$2,550,000","$2,550,000","$0","$0.000","$1","2026",""
"","Yusmeiro Petit","RP","OAK","36","2021","2021","1","$2,550,000","$2,550,000","$0","$0.000","$1","2022",""
"","Luis Urias","3B","MIL","24","2022","2022","1","$2,550,000","$2,550,000","$0","$0.000","$1","2026",""
"","Cal Quantrill","SP","CLE","27","2022","2022","1","$2,510,000","$2,510,000","$0","$0.000","$1","2026",""
"","Albert Pujols","DH","STL","42","2022","2022","1","$2,500,000","$2,500,000","$0","$0.000","$1","2023",""
"","Joely Rodriguez","RP","NYMNYY","29","2022","2022","1","$2,500,000","$2,500,000","$0","$0.000","$1","2026",""
"","Chris Martin","RP","LADCHC","35","2022","2022","1","$2,500,000","$2,500,000","$0","$0.000","$1","2023",""
"","Garrett Cooper","RF","MIA","31","2022","2022","1","$2,500,000","$2,500,000","$0","$0.000","$1","2024",""
"","Matt Moore","SP","TEX","29","2022","2022","1","$2,500,000","$2,500,000","$0","$0.000","$1","2023",""
"","Kevin Pillar","CF","LAD","33","2022","2022","1","$2,500,000","$2,500,000","$0","$0.000","$1","2023",""
"","Brad Boxberger","RP","MIL","33","2022","2023","1","$2,500,000","$2,500,000","$0","$0.000","$1","2024",""
"","Jacob Stallings","C","MIAPIT","32","2022","2022","1","$2,450,000","$2,450,000","$0","$0.000","$1","2025",""
"","Pablo Lopez","SP","MIA","26","2022","2022","1","$2,450,000","$2,450,000","$0","$0.000","$1","2025",""
"","Ramon Laureano","OF","OAK","27","2022","2022","1","$2,450,000","$2,450,000","$0","$0.000","$1","2025",""
"","Adrian Houser","SP","MIL","29","2022","2022","1","$2,425,000","$2,425,000","$0","$0.000","$1","2025",""
"","Eric Lauer","SP","MIL","26","2022","2022","1","$2,425,000","$2,425,000","$0","$0.000","$1","2025",""
"","Giovanny Gallegos","RP","STL","30","2022","2022","1","$2,410,000","$2,410,000","$0","$0.000","$1","2025",""
"","Scott Barlow","RP","KC","29","2022","2022","1","$2,400,000","$2,400,000","$0","$0.000","$1","2025",""
"","Joe Ross","SP","WSH","28","2022","2022","1","$2,400,000","$2,400,000","$0","$0.000","$1","2023",""
"","Emilio Pagan","RP","MINSD","30","2022","2022","1","$2,300,000","$2,300,000","$0","$0.000","$1","2024",""
"","Kevin Plawecki","C","BOS","30","2022","2022","1","$2,250,000","$2,250,000","$0","$0.000","$1","2023",""
"","Dominic Leone","RP","SF","29","2022","2022","1","$2,250,000","$2,250,000","$0","$0.000","$1","2023",""
"","Mitch Moreland","1B","OAK","35","2021","2021","1","$2,250,000","$2,250,000","$0","$0.000","$1","2022",""
"","Chris Paddack","SP","MINSD","26","2022","2022","1","$2,250,000","$2,250,000","$0","$0.000","$1","2025",""
"","Tony Kemp","2B","OAK","30","2022","2022","1","$2,250,000","$2,250,000","$0","$0.000","$1","2024",""
"","A.J. Minter","RP","ATL","28","2022","2022","1","$2,200,000","$2,200,000","$0","$0.000","$1","2025",""
"","Matt Wisler","RP","TB","29","2022","2022","1","$2,160,000","$2,160,000","$0","$0.000","$1","2023",""
"","Erick Fedde","RP","WSH","29","2022","2022","1","$2,150,000","$2,150,000","$0","$0.000","$1","2025",""
"","Wandy Peralta","RP","NYY","30","2022","2022","1","$2,150,000","$2,150,000","$0","$0.000","$1","2024",""
"","Mike Mayers","RP","LAA","30","2022","2022","1","$2,150,000","$2,150,000","$0","$0.000","$1","2024",""
"","Luis Arraez","1B","MIN","25","2022","2022","1","$2,125,000","$2,125,000","$0","$0.000","$1","2026",""
"","Cavan Biggio","2B","TOR","26","2022","2022","1","$2,122,500","$2,122,500","$0","$0.000","$1","2026",""
"","Ryne Stanek","RP","HOU","30","2022","2022","1","$2,100,000","$2,100,000","$0","$0.000","$1","2024",""
"","Amir Garrett","RP","KC","29","2022","2022","1","$2,025,000","$2,025,000","$0","$0.000","$1","2024",""
"","Matt Carpenter","3B","NYY","36","2022","2022","1","$2,000,000","$2,000,000","$0","$0.000","$1","2023",""
"","Victor Caratini","C","MILSD","28","2022","2022","1","$2,000,000","$2,000,000","$0","$0.000","$1","2024",""
"","Zach Plesac","SP","CLE","27","2022","2022","1","$2,000,000","$2,000,000","$0","$0.000","$1","2026",""
"","Adam Engel","RF","CHW","30","2022","2022","1","$2,000,000","$2,000,000","$0","$0.000","$1","2024",""
"","Jose Quintana","SP","STLPIT","32","2022","2022","1","$2,000,000","$2,000,000","$0","$0.000","$1","2023",""
"","Caleb Smith","RP","ARI","30","2022","2022","1","$2,000,000","$2,000,000","$0","$0.000","$1","2024",""
"","Anibal Sanchez","SP","WSH","38","2022","2022","1","$2,000,000","$2,000,000","$0","$0.000","$1","2023",""
"","Danny Jansen","C","TOR","26","2022","2022","1","$1,950,000","$1,950,000","$0","$0.000","$1","2025",""
"","Kevin Newman","SS","PIT","28","2022","2022","1","$1,950,000","$1,950,000","$0","$0.000","$1","2025",""
"","Rowdy Tellez","1B","MIL","26","2022","2022","1","$1,940,000","$1,940,000","$0","$0.000","$1","2025",""
"","Jose Alvarado","RP","PHI","26","2022","2022","1","$1,900,000","$1,900,000","$0","$0.000","$1","2024",""
"","Jose Cisnero","RP","DET","32","2022","2022","1","$1,900,000","$1,900,000","$0","$0.000","$1","2024",""
"","Garrett Hampson","SS","COL","27","2022","2022","1","$1,862,500","$1,862,500","$0","$0.000","$1","2025",""
"","Austin Slater","LF","SF","28","2022","2022","1","$1,850,000","$1,850,000","$0","$0.000","$1","2025",""
"","Andrew Kittredge","RP","TB","32","2022","2022","1","$1,850,000","$1,850,000","$0","$0.000","$1","2025",""
"","Jace Peterson","3B","MIL","31","2022","2022","1","$1,825,000","$1,825,000","$0","$0.000","$1","2023",""
"","Hunter Strickland","RP","CIN","33","2022","2022","1","$1,825,000","$1,825,000","$0","$0.000","$1","2023",""
"","Luis Cessa","RP","CIN","29","2022","2022","1","$1,800,000","$1,800,000","$0","$0.000","$1","2024",""
"","Ben Gamel","RF","PIT","29","2022","2022","1","$1,800,000","$1,800,000","$0","$0.000","$1","2023",""
"","Joe Jimenez","RP","DET","27","2022","2022","1","$1,790,000","$1,790,000","$0","$0.000","$1","2024",""
"","Domingo German","SP","NYY","29","2022","2022","1","$1,750,000","$1,750,000","$0","$0.000","$1","2025",""
"","Zach Davies","SP","ARI","28","2022","2023","1","$1,750,000","$1,750,000","$0","$0.000","$1","2024",""
"","Charlie Culberson","3B","TEX","32","2022","2022","1","$1,750,000","$1,750,000","$0","$0.000","$1","2023",""
"","David Phelps","RP","TOR","34","2022","2022","1","$1,750,000","$1,750,000","$0","$0.000","$1","2023",""
"","Steve Cishek","RP","WSH","35","2022","2022","1","$1,750,000","$1,750,000","$0","$0.000","$1","2023",""
"","Jake Junis","RP","SF","29","2022","2022","1","$1,750,000","$1,750,000","$0","$0.000","$1","2024",""
"","Kurt Suzuki","C","LAA","38","2022","2022","1","$1,750,000","$1,750,000","$0","$0.000","$1","2023",""
"","Paul Sewald","RP","SEA","31","2022","2022","1","$1,735,000","$1,735,000","$0","$0.000","$1","2025",""
"","Jarlin Garcia","RP","SF","28","2022","2022","1","$1,725,000","$1,725,000","$0","$0.000","$1","2024",""
"","Victor Robles","OF","WSH","24","2022","2022","1","$1,650,000","$1,650,000","$0","$0.000","$1","2025",""
"","Jonathan Loaisiga","RP","NYY","27","2022","2022","1","$1,650,000","$1,650,000","$0","$0.000","$1","2025",""
"","Hanser Alberto","2B","LAD","29","2022","2023","1","$1,600,000","$1,600,000","$0","$0.000","$1","2024",""
"","Tom Murphy","C","SEA","30","2022","2022","1","$1,575,000","$1,575,000","$0","$0.000","$1","2024",""
"","Phil Maton","RP","HOU","28","2022","2022","1","$1,550,000","$1,550,000","$0","$0.000","$1","2024",""
"","Jorge Lopez","RP","MINBAL","28","2022","2022","1","$1,500,000","$1,500,000","$0","$0.000","$1","2025",""
"","Matt Duffy","3B","LAA","31","2022","2022","1","$1,500,000","$1,500,000","$0","$0.000","$1","2023",""
"","Sean Doolittle","RP","WSH","34","2022","2022","1","$1,500,000","$1,500,000","$0","$0.000","$1","2023",""
"","Steven Brault","SP","CHC","29","2022","2022","1","$1,500,000","$1,500,000","$0","$0.000","$1","2024",""
"","Reyes Moronta","RP","ARILAD","29","2022","2022","1","$1,500,000","$1,500,000","$0","$0.000","$1","2024",""
"","Alex Avila","C","WSH","33","2021","2021","1","$1,500,000","$1,500,000","$0","$0.000","$1","2022",""
"","Jarrod Dyson","CF","TORKC","36","2021","2021","1","$1,500,000","$1,500,000","$0","$0.000","$1","2022",""
"","Freddy Galvis","SS","PHIBAL","31","2021","2021","1","$1,500,000","$1,500,000","$0","$0.000","$1","2022",""
"","Jay Jackson","RP","ATLSF","34","2022","2022","1","$1,500,000","$1,500,000","$0","$0.000","$1","2028",""
"","Ehire Adrianza","SS","ATLWSH","31","2022","2022","1","$1,500,000","$1,500,000","$0","$0.000","$1","2023",""
"","Jake Lamb","1B","SEALAD","31","2022","2022","1","$1,500,000","$1,500,000","$0","$0.000","$1","2023",""
"","Francisco Mejia","C","TB","26","2022","2022","1","$1,455,000","$1,455,000","$0","$0.000","$1","2025",""
"","Ryan Brasier","RP","BOS","34","2022","2022","1","$1,400,000","$1,400,000","$0","$0.000","$1","2024",""
"","Victor Reyes","CF","DET","27","2022","2022","1","$1,400,000","$1,400,000","$0","$0.000","$1","2025",""
"","Tyler Matzek","RP","ATL","31","2022","2022","1","$1,400,000","$1,400,000","$0","$0.000","$1","2025",""
"","Dylan Moore","2B","SEA","29","2022","2022","1","$1,350,000","$1,350,000","$0","$0.000","$1","2025",""
"","Tim Hill","RP","SD","31","2022","2022","1","$1,325,000","$1,325,000","$0","$0.000","$1","2025",""
"","Caleb Thielbar","RP","MIN","34","2022","2022","1","$1,300,000","$1,300,000","$0","$0.000","$1","2025",""
"","Ryan O'Hearn","1B","KC","28","2022","2022","1","$1,300,000","$1,300,000","$0","$0.000","$1","2025",""
"","Robert Stephenson","RP","PITCOL","29","2022","2022","1","$1,280,000","$1,280,000","$0","$0.000","$1","2024",""
"","Harold Castro","3B","DET","28","2022","2022","1","$1,275,000","$1,275,000","$0","$0.000","$1","2026",""
"","Luis Garcia","SP","HOU","25","2022","2022","1","$1,251,500","$1,251,500","$0","$0.000","$1","2027",""
"","Lucas Sims","RP","CIN","27","2022","2022","1","$1,250,000","$1,250,000","$0","$0.000","$1","2025",""
"","Noe Ramirez","RP","ARI","31","2022","2022","1","$1,250,000","$1,250,000","$0","$0.000","$1","2024",""
"","Kyle Crick","RP","CHW","29","2022","2022","1","$1,250,000","$1,250,000","$0","$0.000","$1","2024",""
"","Nick Senzel","3B","CIN","26","2022","2022","1","$1,250,000","$1,250,000","$0","$0.000","$1","2026",""
"","Jhoulys Chacin","SP","COL","33","2022","2022","1","$1,250,000","$1,250,000","$0","$0.000","$1","2023",""
"","Tim Mayza","RP","TOR","30","2022","2022","1","$1,250,000","$1,250,000","$0","$0.000","$1","2026",""
"","Christian Arroyo","2B","BOS","26","2022","2022","1","$1,200,000","$1,200,000","$0","$0.000","$1","2025",""
"","Josh Naylor","1B","CLE","24","2022","2022","1","$1,200,000","$1,200,000","$0","$0.000","$1","2026",""
"","Jon Berti","2B","MIA","32","2022","2022","1","$1,200,000","$1,200,000","$0","$0.000","$1","2026",""
"","Yonny Chirinos","SP","TB","27","2022","2022","1","$1,175,000","$1,175,000","$0","$0.000","$1","2025",""
"","Marwin Gonzalez","3B","NYY","33","2022","2022","1","$1,150,000","$1,150,000","$0","$0.000","$1","2023",""
"","Joey Lucchesi","SP","NYM","28","2022","2022","1","$1,150,000","$1,150,000","$0","$0.000","$1","2025",""
"","Jose Alvarez","RP","SF","31","2021","2022","1","$1,150,000","$1,150,000","$0","$0.000","$1","2023",""
"","Chaz Roe","RP","TB","34","2021","2021","1","$1,150,000","$1,150,000","$0","$0.000","$1","2022",""
"","Clay Holmes","RP","NYY","28","2022","2022","1","$1,100,000","$1,100,000","$0","$0.000","$1","2025",""
"","Tanner Scott","RP","MIABAL","27","2022","2022","1","$1,050,000","$1,050,000","$0","$0.000","$1","2025",""
"","Taylor Hearn","SP","TEX","27","2022","2022","1","$1,050,000","$1,050,000","$0","$0.000","$1","2026",""
"","Dakota Hudson","SP","STL","27","2022","2022","1","$1,050,000","$1,050,000","$0","$0.000","$1","2025",""
"","Tyler Kinley","RP","COL","30","2022","2022","1","$1,025,000","$1,025,000","$0","$0.000","$1","2025",""
"","Casey Sadler","RP","SEA","31","2022","2022","1","$1,025,000","$1,025,000","$0","$0.000","$1","2025",""
"","Josh Taylor","RP","BOS","29","2022","2022","1","$1,025,000","$1,025,000","$0","$0.000","$1","2026",""
"","Brett Martin","RP","TEX","26","2022","2022","1","$1,025,000","$1,025,000","$0","$0.000","$1","2026",""
"","Sandy Leon","C","MINCIN","32","2022","2022","1","$1,000,000","$1,000,000","$0","$0.000","$1","2023",""
"","Jose Lobaton","C","CHC","34","2021","2021","1","$1,000,000","$1,000,000","$0","$0.000","$1","2022",""
"","Dan Vogelbach","DH","NYMPIT","29","2022","2023","1","$1,000,000","$1,000,000","$0","$0.000","$1","2024",""
"","Trevor Richards","RP","TOR","28","2022","2022","1","$1,000,000","$1,000,000","$0","$0.000","$1","2025",""
"","Arodys Vizcaino","RP","KC","31","2022","2022","1","$1,000,000","$1,000,000","$0","$0.000","$1","2023",""
"","Guillermo Heredia","CF","ATL","28","2022","2022","1","$1,000,000","$1,000,000","$0","$0.000","$1","2023",""
"","Colin Moran","1B","CIN","29","2022","2022","1","$1,000,000","$1,000,000","$0","$0.000","$1","2023",""
"","Darren O'Day","RP","ATL","39","2022","2022","1","$1,000,000","$1,000,000","$0","$0.000","$1","2023",""
"","Daniel Coulombe","RP","MIN","32","2022","2022","1","$979,500","$979,500","$0","$0.000","$1","2025",""
"","Taylor Clarke","RP","KC","28","2022","2022","1","$975,000","$975,000","$0","$0.000","$1","2026",""
"","Jeffrey Springs","RP","TB","29","2022","2022","1","$947,500","$947,500","$0","$0.000","$1","2025",""
"","Jordan Hicks","RP","STL","25","2022","2022","1","$937,500","$937,500","$0","$0.000","$1","2024",""
"","Kyle Higashioka","C","NYY","31","2022","2022","1","$935,000","$935,000","$0","$0.000","$1","2025",""
"","Austin Adams","RP","SD","30","2022","2022","1","$925,000","$925,000","$0","$0.000","$1","2025",""
"","Jeff Hoffman","RP","CIN","29","2022","2022","1","$925,000","$925,000","$0","$0.000","$1","2025",""
"","Lucas Luetge","RP","NYY","34","2022","2022","1","$905,000","$905,000","$0","$0.000","$1","2025",""
"","Tim Locastro","OF","NYY","29","2022","2022","1","$900,000","$900,000","$0","$0.000","$1","2025",""
"","Brandon Drury","3B","SDCIN","29","2022","2022","1","$900,000","$900,000","$0","$0.000","$1","2023",""
"","Sean Newcomb","RP","CHCATL","28","2022","2022","1","$900,000","$900,000","$0","$0.000","$1","2025",""
"","Victor Arano","RP","WSH","26","2022","2022","1","$900,000","$900,000","$0","$0.000","$1","2025",""
"","Jason Adam","RP","TB","30","2022","2022","1","$900,000","$900,000","$0","$0.000","$1","2023",""
"","Luke Maile","C","CLE","28","2022","2022","1","$900,000","$900,000","$0","$0.000","$1","2024",""
"","Robinson Chirinos","C","BAL","37","2022","2022","1","$900,000","$900,000","$0","$0.000","$1","2023",""
"","Tomas Nido","C","NYM","27","2022","2022","1","$890,000","$890,000","$0","$0.000","$1","2025",""
"","Luis Guillorme","SS","NYM","27","2022","2022","1","$875,000","$875,000","$0","$0.000","$1","2026",""
"","Austin Voth","RP","BALWSH","29","2022","2022","1","$875,000","$875,000","$0","$0.000","$1","2026",""
"","Tanner Rainey","RP","WSH","29","2022","2022","1","$860,000","$860,000","$0","$0.000","$1","2026",""
"","Stephen Vogt","C","OAK","37","2022","2022","1","$850,000","$850,000","$0","$0.000","$1","2023",""
"","Ryan Borucki","RP","SEATOR","27","2022","2022","1","$850,000","$850,000","$0","$0.000","$1","2025",""
"","Buck Farmer","RP","CIN","31","2022","2022","1","$850,000","$850,000","$0","$0.000","$1","2023",""
"","John Brebbia","RP","SF","31","2022","2022","1","$837,500","$837,500","$0","$0.000","$1","2024",""
"","Bo Bichette","SS","TOR","24","2022","2022","1","$825,000","$825,000","$0","$0.000","$1","2026",""
"","Matt Bush","RP","MILTEX","36","2022","2022","1","$825,000","$825,000","$0","$0.000","$1","2025",""
"","Franchy Cordero","1B","BOS","27","2022","2022","1","$825,000","$825,000","$0","$0.000","$1","2024",""
"","Deolis Guerra","RP","OAK","32","2022","2022","1","$815,000","$815,000","$0","$0.000","$1","2024",""
"","Jake Cave","LF","MIN","28","2022","2022","1","$800,000","$800,000","$0","$0.000","$1","2025",""
"","Greg Allen","OF","PITNYY","28","2022","2022","1","$800,000","$800,000","$0","$0.000","$1","2026",""
"","Keynan Middleton","RP","ARI","26","2022","2022","1","$800,000","$800,000","$0","$0.000","$1","2024",""
"","Drew Hutchison","SP","DET","31","2022","2022","1","$800,000","$800,000","$0","$0.000","$1","2023",""
"","Rob Refsnyder","RF","BOS","30","2022","2022","1","$800,000","$800,000","$0","$0.000","$1","2023",""
"","John Curtiss","RP","NYM","29","2022","2023","1","$770,000","$770,000","$0","$0.000","$1","2026",""
"","Yordan Alvarez","DH","HOU","24","2022","2022","1","$764,600","$764,600","$0","$0.000","$1","2026",""
"","Kyle Tucker","RF","HOU","25","2022","2022","1","$764,200","$764,200","$0","$0.000","$1","2026",""
"","Peter Lambert","SP","COL","24","2022","2022","1","$762,500","$762,500","$0","$0.000","$1","2026",""
"","Jonathan India","2B","CIN","25","2022","2022","1","$760,000","$760,000","$0","$0.000","$1","2027",""
"","Jake Cronenworth","2B","SD","28","2022","2022","1","$757,200","$757,200","$0","$0.000","$1","2026",""
"","Dylan Cease","SP","CHW","26","2022","2022","1","$750,000","$750,000","$0","$0.000","$1","2026",""
"","Drew Smith","RP","NYM","28","2022","2022","1","$750,000","$750,000","$0","$0.000","$1","2025",""
"","Jalen Beeks","RP","TB","28","2022","2022","1","$750,000","$750,000","$0","$0.000","$1","2025",""
"","Cristian Javier","SP","HOU","24","2022","2022","1","$749,100","$749,100","$0","$0.000","$1","2026",""
"","Jose Urquidy","SP","HOU","26","2022","2022","1","$748,700","$748,700","$0","$0.000","$1","2026",""
"","Alec Mills","SP","CHC","30","2022","2022","1","$741,250","$741,250","$0","$0.000","$1","2026",""
"","Rafael Ortega","DH","CHC","30","2022","2022","1","$738,500","$738,500","$0","$0.000","$1","2027",""
"","Ty France","1B","SEA","27","2022","2022","1","$734,500","$734,500","$0","$0.000","$1","2026",""
"","Codi Heuer","RP","CHC","25","2022","2022","1","$734,000","$734,000","$0","$0.000","$1","2026",""
"","Blake Taylor","RP","HOU","26","2022","2022","1","$731,800","$731,800","$0","$0.000","$1","2026",""
"","Josh Rojas","OF","ARI","27","2022","2022","1","$730,900","$730,900","$0","$0.000","$1","2027",""
"","Abraham Toro-Hernandez","3B","SEA","25","2022","2022","1","$730,300","$730,300","$0","$0.000","$1","2027",""
"","Logan Webb","SP","SF","25","2022","2022","1","$730,000","$730,000","$0","$0.000","$1","2026",""
"","Ranger Suarez","RP","PHI","26","2022","2022","1","$730,000","$730,000","$0","$0.000","$1","2026",""
"","Zack Littell","RP","SF","26","2022","2022","1","$730,000","$730,000","$0","$0.000","$1","2026",""
"","Alek Manoah","SP","TOR","24","2022","2022","1","$730,000","$730,000","$0","$0.000","$1","2028",""
"","Patrick Wisdom","3B","CHC","30","2022","2022","1","$730,000","$730,000","$0","$0.000","$1","2027",""
"","LaMonte Wade","LF","SF","28","2022","2022","1","$730,000","$730,000","$0","$0.000","$1","2026",""
"","Tyler Rogers","RP","SF","31","2022","2022","1","$730,000","$730,000","$0","$0.000","$1","2026",""
"","Michael Kopech","SP","CHW","25","2022","2022","1","$730,000","$730,000","$0","$0.000","$1","2026",""
"","Jaime Barria","SP","LAA","25","2022","2022","1","$730,000","$730,000","$0","$0.000","$1","2026",""
"","Jared Walsh","1B","LAA","28","2022","2022","1","$730,000","$730,000","$0","$0.000","$1","2026",""
"","Griffin Canning","SP","LAA","25","2022","2022","1","$730,000","$730,000","$0","$0.000","$1","2026",""
"","Tyler Beede","SP","PITSF","28","2022","2022","1","$730,000","$730,000","$0","$0.000","$1","2026",""
"","Dustin May","SP","LAD","24","2022","2022","1","$730,000","$730,000","$0","$0.000","$1","2026",""
"","Will Smith","C","LAD","26","2022","2022","1","$730,000","$730,000","$0","$0.000","$1","2026",""
"","Trent Grisham","CF","SD","25","2022","2022","1","$729,300","$729,300","$0","$0.000","$1","2026",""
"","Josh Staumont","RP","KC","28","2022","2022","1","$728,000","$728,000","$0","$0.000","$1","2026",""
"","Harold Ramirez","RF","TBCHC","27","2022","2022","1","$728,000","$728,000","$0","$0.000","$1","2026",""
"","Nestor Cortes","SP","NYY","27","2022","2022","1","$727,500","$727,500","$0","$0.000","$1","2026",""
"","Austin Nola","C","SD","32","2022","2022","1","$726,900","$726,900","$0","$0.000","$1","2026",""
"","Caleb Ferguson","RP","LAD","25","2022","2022","1","$726,500","$726,500","$0","$0.000","$1","2025",""
"","Brady Singer","SP","KC","25","2022","2022","1","$726,250","$726,250","$0","$0.000","$1","2026",""
"","Kyle Finnegan","RP","WSH","30","2022","2022","1","$725,900","$725,900","$0","$0.000","$1","2026",""
"","Sean Murphy","C","OAK","27","2022","2022","1","$725,000","$725,000","$0","$0.000","$1","2026",""
"","JT Brubaker","SP","PIT","28","2022","2022","1","$725,000","$725,000","$0","$0.000","$1","2026",""
"","Michael Chavis","2B","PIT","26","2022","2022","1","$725,000","$725,000","$0","$0.000","$1","2026",""
"","Mitch Keller","SP","PIT","25","2022","2022","1","$725,000","$725,000","$0","$0.000","$1","2026",""
"","Duane Underwood","RP","PIT","27","2022","2022","1","$725,000","$725,000","$0","$0.000","$1","2026",""
"","Trevor Gott","RP","MIL","29","2022","2022","1","$725,000","$725,000","$0","$0.000","$1","2025",""
"","Seranthony Dominguez","RP","PHI","27","2022","2022","1","$725,000","$725,000","$0","$0.000","$1","2025",""
"","Rowan Wick","RP","CHC","29","2022","2022","1","$724,000","$724,000","$0","$0.000","$1","2026",""
"","Lane Thomas","CF","WSH","26","2022","2022","1","$723,600","$723,600","$0","$0.000","$1","2026",""
"","Santiago Espinal","3B","TOR","27","2022","2022","1","$723,550","$723,550","$0","$0.000","$1","2027",""
"","Tommy Edman","2B","STL","26","2022","2022","1","$722,900","$722,900","$0","$0.000","$1","2026",""
"","Michael King","P","NYY","26","2022","2022","1","$722,500","$722,500","$0","$0.000","$1","2026",""
"","Ryan Helsley","RP","STL","27","2022","2022","1","$722,450","$722,450","$0","$0.000","$1","2026",""
"","Reese McGuire","C","BOSTOR","27","2022","2022","1","$722,400","$722,400","$0","$0.000","$1","2026",""
"","Gregory Soto","RP","DET","27","2022","2022","1","$722,400","$722,400","$0","$0.000","$1","2026",""
"","Trevor Rogers","SP","MIA","24","2022","2022","1","$722,000","$722,000","$0","$0.000","$1","2027",""
"","Daulton Varsho","CF","ARI","25","2022","2022","1","$721,700","$721,700","$0","$0.000","$1","2027",""
"","Nabil Crismatt","P","SD","27","2022","2022","1","$721,500","$721,500","$0","$0.000","$1","2027",""
"","Cody Stashak","RP","MIN","27","2022","2022","1","$720,400","$720,400","$0","$0.000","$1","2026",""
"","Jonathan Hernandez","RP","TEX","25","2022","2022","1","$720,000","$720,000","$0","$0.000","$1","2026",""
"","Jose Trevino","C","NYYTEX","29","2022","2022","1","$720,000","$720,000","$0","$0.000","$1","2026",""
"","Aristides Aquino","RF","CIN","27","2022","2022","1","$720,000","$720,000","$0","$0.000","$1","2026",""
"","Kyle Wright","SP","ATL","26","2022","2022","1","$720,000","$720,000","$0","$0.000","$1","2027",""
"","Nico Hoerner","SS","CHC","24","2022","2022","1","$720,000","$720,000","$0","$0.000","$1","2026",""
"","Jose Ruiz","RP","CHW","27","2022","2022","1","$720,000","$720,000","$0","$0.000","$1","2026",""
"","Tyler Stephenson","C","CIN","25","2022","2022","1","$720,000","$720,000","$0","$0.000","$1","2027",""
"","Tejay Antone","RP","CIN","28","2022","2022","1","$720,000","$720,000","$0","$0.000","$1","2026",""
"","Jordon Adell","RF","LAA","22","2022","2022","1","$720,000","$720,000","$0","$0.000","$1","2027",""
"","Jose Suarez","SP","LAA","24","2022","2022","1","$720,000","$720,000","$0","$0.000","$1","2027",""
"","Dennis Santana","RP","TEX","25","2022","2022","1","$720,000","$720,000","$0","$0.000","$1","2026",""
"","Justin Dunn","SP","CIN","26","2022","2022","1","$720,000","$720,000","$0","$0.000","$1","2026",""
"","Jimmy Herget","RP","LAA","28","2022","2022","1","$720,000","$720,000","$0","$0.000","$1","2027",""
"","Taylor Ward","3B","LAA","28","2022","2022","1","$720,000","$720,000","$0","$0.000","$1","2026",""
"","Patrick Sandoval","SP","LAA","25","2022","2022","1","$720,000","$720,000","$0","$0.000","$1","2027",""
"","Jose Quijada","RP","LAA","26","2022","2022","1","$720,000","$720,000","$0","$0.000","$1","2027",""
"","Anthony Gonsolin","SP","LAD","27","2022","2022","1","$720,000","$720,000","$0","$0.000","$1","2027",""
"","Brusdar Graterol","RP","LAD","23","2022","2022","1","$720,000","$720,000","$0","$0.000","$1","2027",""
"","Gavin Lux","2B","LAD","24","2022","2022","1","$720,000","$720,000","$0","$0.000","$1","2027",""
"","Alex Vesia","RP","LAD","25","2022","2022","1","$720,000","$720,000","$0","$0.000","$1","2027",""
"","Evan Phillips","RP","LAD","27","2022","2022","1","$720,000","$720,000","$0","$0.000","$1","2027",""
"","Victor Gonzalez","RP","LAD","26","2022","2022","1","$720,000","$720,000","$0","$0.000","$1","2027",""
"","Bryan Abreu","RP","HOU","24","2022","2022","1","$719,600","$719,600","$0","$0.000","$1","2027",""
"","Andrew Knizner","C","STL","27","2022","2022","1","$718,300","$718,300","$0","$0.000","$1","2026",""
"","Adbert Alzolay","SP","CHC","27","2022","2022","1","$718,250","$718,250","$0","$0.000","$1","2027",""
"","Jazz Chisholm","2B","MIA","24","2022","2022","1","$718,000","$718,000","$0","$0.000","$1","2027",""
"","Jorge Alcala","RP","MIN","26","2022","2022","1","$717,900","$717,900","$0","$0.000","$1","2026",""
"","Sam Coonrod","RP","PHI","29","2022","2022","1","$717,500","$717,500","$0","$0.000","$1","2026",""
"","Sean Reid-Foley","RP","NYM","26","2022","2022","1","$717,500","$717,500","$0","$0.000","$1","2027",""
"","Brad Wieck","RP","CHC","30","2022","2022","1","$717,000","$717,000","$0","$0.000","$1","2026",""
"","Aaron Civale","SP","CLE","26","2022","2022","1","$716,900","$716,900","$0","$0.000","$1","2026",""
"","Tyler Alexander","SP","DET","27","2022","2022","1","$716,900","$716,900","$0","$0.000","$1","2026",""
"","Randy Arozarena","DH","TB","27","2022","2022","1","$716,600","$716,600","$0","$0.000","$1","2027",""
"","Cedric Mullins","CF","BAL","27","2022","2022","1","$716,500","$716,500","$0","$0.000","$1","2026",""
"","Nick Madrigal","2B","CHC","24","2022","2022","1","$716,500","$716,500","$0","$0.000","$1","2027",""
"","Paolo Espino","SP","WSH","35","2022","2022","1","$716,200","$716,200","$0","$0.000","$1","2027",""
"","Tanner Houck","RP","BOS","25","2022","2022","1","$716,000","$716,000","$0","$0.000","$1","2028",""
"","Nate Lowe","1B","TEX","26","2022","2022","1","$716,000","$716,000","$0","$0.000","$1","2027",""
"","Edmundo Sosa","SS","PHISTL","25","2022","2022","1","$715,600","$715,600","$0","$0.000","$1","2027",""
"","Alec Bohm","3B","PHI","25","2022","2022","1","$715,000","$715,000","$0","$0.000","$1","2027",""
"","David Bednar","RP","PIT","27","2022","2022","1","$715,000","$715,000","$0","$0.000","$1","2027",""
"","Wil Crowe","P","PIT","27","2022","2022","1","$715,000","$715,000","$0","$0.000","$1","2027",""
"","Dillon Peters","RP","PIT","29","2022","2022","1","$715,000","$715,000","$0","$0.000","$1","2027",""
"","Bryse Wilson","SP","PIT","24","2022","2022","1","$715,000","$715,000","$0","$0.000","$1","2027",""
"","Mauricio Dubon","CF","HOUSF","27","2022","2022","1","$715,000","$715,000","$0","$0.000","$1","2027",""
"","Thairo Estrada","2B","SF","26","2022","2022","1","$715,000","$715,000","$0","$0.000","$1","2027",""
"","Andrew Vaughn","LF","CHW","23","2022","2022","1","$715,000","$715,000","$0","$0.000","$1","2027",""
"","Garrett Crochet","RP","CHW","22","2022","2022","1","$715,000","$715,000","$0","$0.000","$1","2027",""
"","Connor Brogdon","RP","PHI","26","2022","2022","1","$715,000","$715,000","$0","$0.000","$1","2027",""
"","Jesus Luzardo","SP","MIA","24","2022","2022","1","$715,000","$715,000","$0","$0.000","$1","2027",""
"","Anthony Misiewicz","RP","KCSEA","27","2022","2022","1","$714,900","$714,900","$0","$0.000","$1","2026",""
"","James Karinchak","RP","CLE","26","2022","2022","1","$714,500","$714,500","$0","$0.000","$1","2026",""
"","Devin Williams","RP","MIL","27","2022","2022","1","$714,500","$714,500","$0","$0.000","$1","2026",""
"","Pete Fairbanks","RP","TB","28","2022","2022","1","$714,400","$714,400","$0","$0.000","$1","2026",""
"","Jake Woodford","RP","STL","25","2022","2022","1","$714,350","$714,350","$0","$0.000","$1","2027",""
"","Casey Mize","SP","DET","24","2022","2022","1","$714,200","$714,200","$0","$0.000","$1","2027",""
"","Dane Dunning","SP","TEX","27","2022","2022","1","$714,000","$714,000","$0","$0.000","$1","2027",""
"","Adolis Garcia","CF","TEX","29","2022","2022","1","$714,000","$714,000","$0","$0.000","$1","2027",""
"","Alejandro Kirk","C","TOR","23","2022","2022","1","$714,000","$714,000","$0","$0.000","$1","2027",""
"","Bobby Dalbec","1B","BOS","26","2022","2022","1","$714,000","$714,000","$0","$0.000","$1","2027",""
"","Danny Mendick","2B","CHW","28","2022","2022","1","$714,000","$714,000","$0","$0.000","$1","2027",""
"","Eli White","OF","TEX","27","2022","2022","1","$714,000","$714,000","$0","$0.000","$1","2027",""
"","Brock Burke","SP","TEX","25","2022","2022","1","$714,000","$714,000","$0","$0.000","$1","2027",""
"","Yadiel Hernandez","LF","WSH","34","2022","2022","1","$714,000","$714,000","$0","$0.000","$1","2027",""
"","Spencer Howard","SP","TEX","25","2022","2022","1","$714,000","$714,000","$0","$0.000","$1","2027",""
"","Jonah Heim","C","TEX","26","2022","2022","1","$714,000","$714,000","$0","$0.000","$1","2027",""
"","Josh Sborz","RP","TEX","28","2022","2022","1","$714,000","$714,000","$0","$0.000","$1","2027",""
"","Kris Bubic","SP","KC","24","2022","2022","1","$713,750","$713,750","$0","$0.000","$1","2027",""
"","Humberto Castellanos","P","ARI","23","2022","2022","1","$713,700","$713,700","$0","$0.000","$1","2028",""
"","Tarik Skubal","SP","DET","25","2022","2022","1","$713,600","$713,600","$0","$0.000","$1","2027",""
"","Carter Kieboom","3B","WSH","24","2022","2022","1","$713,400","$713,400","$0","$0.000","$1","2027",""
"","Ryan Jeffers","C","MIN","24","2022","2022","1","$713,050","$713,050","$0","$0.000","$1","2027",""
"","Austin Hays","LF","BAL","26","2022","2022","1","$713,000","$713,000","$0","$0.000","$1","2026",""
"","Anthony Bender","RP","MIA","27","2022","2022","1","$713,000","$713,000","$0","$0.000","$1","2028",""
"","Clarke Schmidt","P","NYY","26","2022","2022","1","$712,500","$712,500","$0","$0.000","$1","2027",""
"","Sergio Alcantara","2B","ARICHC","25","2022","2022","1","$712,500","$712,500","$0","$0.000","$1","2028",""
"","Logan Gilbert","SP","SEA","24","2022","2022","1","$712,300","$712,300","$0","$0.000","$1","2028",""
"","Drew Rasmussen","SP","TB","26","2022","2022","1","$711,800","$711,800","$0","$0.000","$1","2027",""
"","Erik Swanson","RP","SEA","28","2022","2022","1","$711,600","$711,600","$0","$0.000","$1","2026",""
"","Dillon Tate","RP","BAL","27","2022","2022","1","$711,500","$711,500","$0","$0.000","$1","2026",""
"","Shane McClanahan","SP","TB","24","2022","2022","1","$711,400","$711,400","$0","$0.000","$1","2028",""
"","Jake Brentz","RP","KC","27","2022","2022","1","$711,250","$711,250","$0","$0.000","$1","2027",""
"","Julian Merryweather","RP","TOR","30","2022","2022","1","$711,200","$711,200","$0","$0.000","$1","2027",""
"","Tyrone Taylor","RF","MIL","28","2022","2022","1","$711,100","$711,100","$0","$0.000","$1","2027",""
"","Ryan Mountcastle","1B","BAL","25","2022","2022","1","$711,000","$711,000","$0","$0.000","$1","2027",""
"","Cole Sulser","RP","MIABAL","31","2022","2022","1","$711,000","$711,000","$0","$0.000","$1","2026",""
"","J.T. Chargois","RP","TB","31","2022","2022","1","$710,500","$710,500","$0","$0.000","$1","2026",""
"","Jordan Romano","RP","TOR","28","2022","2022","1","$710,400","$710,400","$0","$0.000","$1","2026",""
"","Eric Haase","C","DET","29","2022","2022","1","$710,400","$710,400","$0","$0.000","$1","2027",""
"","Nate Pearson","SP","TOR","25","2022","2022","1","$710,400","$710,400","$0","$0.000","$1","2027",""
"","Kyle Funkhouser","SP","DET","27","2022","2022","1","$710,200","$710,200","$0","$0.000","$1","2027",""
"","Paul Blackburn","RP","OAK","28","2022","2022","1","$710,000","$710,000","$0","$0.000","$1","2026",""
"","Cristian Pache","CF","OAK","23","2022","2022","1","$710,000","$710,000","$0","$0.000","$1","2028",""
"","Austin Gomber","SP","COL","28","2022","2022","1","$710,000","$710,000","$0","$0.000","$1","2026",""
"","Reid Detmers","P","LAA","22","2022","2022","1","$710,000","$710,000","$0","$0.000","$1","2028",""
"","Spencer Strider","SP","ATL","23","2022","2022","1","$710,000","$710,000","$0","$0.000","$1","2028",""
"","Mitchell White","SP","TORLAD","27","2022","2022","1","$710,000","$710,000","$0","$0.000","$1","2028",""
"","Jake Fraley","LF","CIN","26","2022","2022","1","$710,000","$710,000","$0","$0.000","$1","2027",""
"","Brendan Rodgers","2B","COL","25","2022","2022","1","$710,000","$710,000","$0","$0.000","$1","2026",""
"","Tucker Davidson","SP","LAAATL","25","2022","2022","1","$710,000","$710,000","$0","$0.000","$1","2028",""
"","Brandon Marsh","CF","PHILAA","24","2022","2022","1","$710,000","$710,000","$0","$0.000","$1","2028",""
"","Chris Rodriguez","SP","LAA","23","2022","2022","1","$710,000","$710,000","$0","$0.000","$1","2028",""
"","William Contreras","C","ATL","24","2022","2022","1","$710,000","$710,000","$0","$0.000","$1","2028",""
"","Garrett Cleavinger","SP","TBLAD","27","2022","2022","1","$710,000","$710,000","$0","$0.000","$1","2027",""
"","Keegan Akin","SP","BAL","26","2022","2022","1","$709,500","$709,500","$0","$0.000","$1","2027",""
"","Jorge Mateo","SS","BAL","26","2022","2022","1","$709,500","$709,500","$0","$0.000","$1","2026",""
"","Akil Baddoo","LF","DET","23","2022","2022","1","$709,400","$709,400","$0","$0.000","$1","2027",""
"","Steven Okert","RP","MIA","30","2022","2022","1","$709,000","$709,000","$0","$0.000","$1","2027",""
"","Carlos Hernandez","SP","KC","24","2022","2022","1","$708,750","$708,750","$0","$0.000","$1","2027",""
"","Joel Payamps","SP","OAKKC","27","2022","2022","1","$708,750","$708,750","$0","$0.000","$1","2027",""
"","J.P. Feyereisen","RP","TB","29","2022","2022","1","$708,600","$708,600","$0","$0.000","$1","2027",""
"","Alex Kirilloff","DH","MIN","24","2022","2022","1","$708,250","$708,250","$0","$0.000","$1","2028",""
"","Vladimir Gutierrez","SP","CIN","26","2022","2022","1","$707,500","$707,500","$0","$0.000","$1","2028",""
"","Albert Abreu","RP","NYY","26","2022","2022","1","$707,500","$707,500","$0","$0.000","$1","2028",""
"","Tayler Saucedo","RP","TOR","28","2022","2022","1","$707,500","$707,500","$0","$0.000","$1","2028",""
"","Joey Bart","C","SF","25","2022","2022","1","$707,500","$707,500","$0","$0.000","$1","2028",""
"","Tylor Megill","SP","NYM","26","2022","2022","1","$707,500","$707,500","$0","$0.000","$1","2028",""
"","Triston McKenzie","SP","CLE","24","2022","2022","1","$707,100","$707,100","$0","$0.000","$1","2027",""
"","Michael Hermosillo","CF","CHC","26","2022","2022","1","$707,000","$707,000","$0","$0.000","$1","2027",""
"","Nick Gordon","SS","MIN","26","2022","2022","1","$706,800","$706,800","$0","$0.000","$1","2028",""
"","Riley Adams","C","WSH","25","2022","2022","1","$706,700","$706,700","$0","$0.000","$1","2028",""
"","Andres Gimenez","2B","CLE","23","2022","2022","1","$706,600","$706,600","$0","$0.000","$1","2027",""
"","Jake Rogers","C","DET","26","2022","2022","1","$706,300","$706,300","$0","$0.000","$1","2027",""
"","Michael Brosseau","3B","MIL","27","2022","2022","1","$706,300","$706,300","$0","$0.000","$1","2026",""
"","Bailey Ober","SP","MIN","26","2022","2022","1","$706,200","$706,200","$0","$0.000","$1","2028",""
"","Nick Nelson","RP","PHINYY","26","2022","2022","1","$706,000","$706,000","$0","$0.000","$1","2027",""
"","Gavin Sheets","DH","CHW","25","2022","2022","1","$706,000","$706,000","$0","$0.000","$1","2028",""
"","Keegan Thompson","RP","CHC","26","2022","2022","1","$706,000","$706,000","$0","$0.000","$1","2028",""
"","Dean Kremer","SP","BAL","26","2022","2022","1","$705,500","$705,500","$0","$0.000","$1","2028",""
"","Ramon Urias","SS","BAL","27","2022","2022","1","$705,500","$705,500","$0","$0.000","$1","2027",""
"","Edward Olivares","OF","KC","25","2022","2022","1","$705,500","$705,500","$0","$0.000","$1","2027",""
"","Yu-Cheng Chang","SS","TBCLE","26","2022","2022","1","$705,400","$705,400","$0","$0.000","$1","2026",""
"","Matt Manning","SP","DET","24","2022","2022","1","$705,300","$705,300","$0","$0.000","$1","2028",""
"","Lars Nootbaar","OF","STL","24","2022","2022","1","$705,200","$705,200","$0","$0.000","$1","2028",""
"","Keston Hiura","2B","MIL","25","2022","2022","1","$705,100","$705,100","$0","$0.000","$1","2026",""
"","Hoby Milner","RP","MIL","31","2022","2022","1","$705,100","$705,100","$0","$0.000","$1","2025",""
"","Cole Irvin","SP","OAK","28","2022","2022","1","$705,000","$705,000","$0","$0.000","$1","2027",""
"","Seth Brown","DH","OAK","29","2022","2022","1","$705,000","$705,000","$0","$0.000","$1","2027",""
"","James Kaprielian","SP","OAK","27","2022","2022","1","$705,000","$705,000","$0","$0.000","$1","2027",""
"","A.J. Puk","RP","OAK","26","2022","2022","1","$705,000","$705,000","$0","$0.000","$1","2027",""
"","Daniel Castano","RP","MIA","27","2022","2022","1","$705,000","$705,000","$0","$0.000","$1","2027",""
"","Zach Thompson","SP","PITMIA","28","2022","2022","1","$705,000","$705,000","$0","$0.000","$1","2028",""
"","Cionel Perez","RP","BAL","25","2022","2022","1","$705,000","$705,000","$0","$0.000","$1","2027",""
"","Jake Reed","RP","LADNYM","29","2022","2022","1","$705,000","$705,000","$0","$0.000","$1","2028",""
"","Justin Steele","SP","CHC","26","2022","2022","1","$705,000","$705,000","$0","$0.000","$1","2028",""
"","Max Kranick","P","PIT","24","2022","2022","1","$705,000","$705,000","$0","$0.000","$1","2028",""
"","Yonathan Daza","RF","COL","28","2022","2022","1","$705,000","$705,000","$0","$0.000","$1","2027",""
"","Rony Garcia","RP","DET","24","2022","2022","1","$704,800","$704,800","$0","$0.000","$1","2027",""
"","Tyler Wells","SP","BAL","27","2022","2022","1","$704,500","$704,500","$0","$0.000","$1","2027",""
"","Garrett Stubbs","C","PHIHOU","28","2022","2022","1","$704,500","$704,500","$0","$0.000","$1","2027",""
"","Adrian Morejon","SP","SD","23","2022","2022","1","$704,500","$704,500","$0","$0.000","$1","2026",""
"","Jose Siri","CF","TBHOU","26","2022","2022","1","$704,000","$704,000","$0","$0.000","$1","2028",""
"","Matt Vierling","OF","PHI","25","2022","2022","1","$704,000","$704,000","$0","$0.000","$1","2028",""
"","Ryan McKenna","CF","BAL","25","2022","2022","1","$704,000","$704,000","$0","$0.000","$1","2028",""
"","Joe Barlow","RP","TEX","26","2022","2022","1","$704,000","$704,000","$0","$0.000","$1","2028",""
"","Taylor Walls","SS","TB","25","2022","2022","1","$704,000","$704,000","$0","$0.000","$1","2028",""
"","Cody Poteet","SP","MIA","27","2022","2022","1","$704,000","$704,000","$0","$0.000","$1","2028",""
"","Chas McCormick","CF","HOU","26","2022","2022","1","$703,800","$703,800","$0","$0.000","$1","2027",""
"","Camilo Doval","RP","SF","24","2022","2022","1","$703,750","$703,750","$0","$0.000","$1","2028",""
"","Sammy Long","RP","SF","26","2022","2022","1","$703,750","$703,750","$0","$0.000","$1","2028",""
"","Alex Lange","RP","DET","26","2022","2022","1","$703,700","$703,700","$0","$0.000","$1","2028",""
"","Daniel Lynch","P","KC","25","2022","2022","1","$703,600","$703,600","$0","$0.000","$1","2028",""
"","Josiah Gray","SP","WSH","24","2022","2022","1","$703,500","$703,500","$0","$0.000","$1","2028",""
"","Trevor Stephan","RP","CLE","26","2022","2022","1","$703,400","$703,400","$0","$0.000","$1","2027",""
"","Dylan Carlson","RF","STL","23","2022","2022","1","$703,000","$703,000","$0","$0.000","$1","2027",""
"","Yermin Mercedes","C","SFCHW","29","2022","2022","1","$703,000","$703,000","$0","$0.000","$1","2028",""
"","Bailey Falter","RP","PHI","24","2022","2022","1","$703,000","$703,000","$0","$0.000","$1","2028",""
"","JoJo Romero","RP","STLPHI","25","2022","2022","1","$703,000","$703,000","$0","$0.000","$1","2027",""
"","Sean Guenther","P","MIA","26","2022","2022","1","$703,000","$703,000","$0","$0.000","$1","2028",""
"","Anthony Gose","RP","CLE","31","2022","2022","1","$702,900","$702,900","$0","$0.000","$1","2026",""
"","Cal Raleigh","C","SEA","25","2022","2022","1","$702,900","$702,900","$0","$0.000","$1","2028",""
"","Gilberto Celestino","OF","MIN","23","2022","2022","1","$702,850","$702,850","$0","$0.000","$1","2028",""
"","Jose Barrero","SS","CIN","23","2022","2022","1","$702,500","$702,500","$0","$0.000","$1","2028",""
"","Art Warren","RP","CIN","28","2022","2022","1","$702,500","$702,500","$0","$0.000","$1","2028",""
"","Tony Santillan","RP","CIN","24","2022","2022","1","$702,500","$702,500","$0","$0.000","$1","2028",""
"","Sam Hentges","SP","CLE","25","2022","2022","1","$702,500","$702,500","$0","$0.000","$1","2028",""
"","Michael Rucker","RP","CHC","27","2022","2022","1","$702,500","$702,500","$0","$0.000","$1","2028",""
"","Jake McCarthy","OF","ARI","24","2022","2022","1","$702,400","$702,400","$0","$0.000","$1","2028",""
"","Eli Morgan","RP","CLE","25","2022","2022","1","$702,100","$702,100","$0","$0.000","$1","2028",""
"","Kutter Crawford","P","BOS","25","2022","2022","1","$702,000","$702,000","$0","$0.000","$1","2028",""
"","Connor Joe","LF","COL","29","2022","2022","1","$702,000","$702,000","$0","$0.000","$1","2028",""
"","Lucas Gilbreath","RP","COL","25","2022","2022","1","$702,000","$702,000","$0","$0.000","$1","2028",""
"","Kyle Isbel","RF","KC","24","2022","2022","1","$701,900","$701,900","$0","$0.000","$1","2028",""
"","Nick Sandlin","RP","CLE","25","2022","2022","1","$701,700","$701,700","$0","$0.000","$1","2028",""
"","Joshua Palacios","CF","WSHTOR","26","2022","2022","1","$701,700","$701,700","$0","$0.000","$1","2028",""
"","Joe Ryan","SP","MIN","25","2022","2022","1","$701,650","$701,650","$0","$0.000","$1","2028",""
"","Alfonso Rivas","1B","CHC","25","2022","2022","1","$701,500","$701,500","$0","$0.000","$1","2028",""
"","Lucas Williams","SS","MIAPHI","25","2022","2022","1","$701,500","$701,500","$0","$0.000","$1","2028",""
"","Scott Effross","RP","NYYCHC","28","2022","2022","1","$701,500","$701,500","$0","$0.000","$1","2028",""
"","Jason Foley","RP","DET","26","2022","2022","1","$701,400","$701,400","$0","$0.000","$1","2028",""
"","Geraldo Perdomo","SS","ARI","22","2022","2022","1","$701,300","$701,300","$0","$0.000","$1","2028",""
"","Keibert Ruiz","C","WSH","23","2022","2022","1","$701,300","$701,300","$0","$0.000","$1","2028",""
"","Shane Baz","P","TB","22","2022","2022","1","$701,100","$701,100","$0","$0.000","$1","2028",""
"","Owen Miller","SS","CLE","25","2022","2022","1","$701,100","$701,100","$0","$0.000","$1","2028",""
"","Joey Krehbiel","RP","BAL","29","2022","2022","1","$701,000","$701,000","$0","$0.000","$1","2028",""
"","Cristopher Sanchez","P","PHI","25","2022","2022","1","$701,000","$701,000","$0","$0.000","$1","2028",""
"","Mickey Moniak","CF","LAAPHI","23","2022","2022","1","$701,000","$701,000","$0","$0.000","$1","2028",""
"","Dylan Coleman","RP","KC","25","2022","2022","1","$700,650","$700,650","$0","$0.000","$1","2028",""
"","Bryan Baker","P","BALTOR","27","2022","2022","1","$700,500","$700,500","$0","$0.000","$1","2028",""
"","Jhon Romero","SP","MINWSH","27","2022","2022","1","$700,400","$700,400","$0","$0.000","$1","2028",""
"","Hans Crouse","SP","PHI","23","2022","2022","1","$700,000","$700,000","$0","$0.000","$1","2028",""
"","Travis Lakins","RP","BAL","27","2022","2022","1","$700,000","$700,000","$0","$0.000","$1","2026",""
"","Matt Reynolds","3B","CINNYM","31","2022","2022","1","$700,000","$700,000","$0","$0.000","$1","2027",""
"","Zach McKinstry","SS","CHCLAD","26","2022","2022","1","$700,000","$700,000","$0","$0.000","$1","2028",""
"","T.J. Friedl","CF","CIN","26","2022","2022","1","$700,000","$700,000","$0","$0.000","$1","2028",""
"","Enyel De Los Santos","SP","CLE","26","2022","2022","1","$700,000","$700,000","$0","$0.000","$1","2027",""
"","Tommy Hunter","RP","NYM","35","2022","2022","1","$700,000","$700,000","$0","$0.000","$1","2023",""
"","Domingo Acevedo","RP","OAK","27","2022","2022","1","$700,000","$700,000","$0","$0.000","$1","2028",""
"","Luis Gil","P","NYY","23","2022","2022","1","$700,000","$700,000","$0","$0.000","$1","2028",""
"","Joel Kuhnel","P","CIN","26","2022","2022","1","$700,000","$700,000","$0","$0.000","$1","2028",""
"","Jackson Stephens","RP","ATL","27","2022","2022","1","$700,000","$700,000","$0","$0.000","$1","2027",""
"","Tucupita Marcano","SS","PIT","22","2022","2022","1","$700,000","$700,000","$0","$0.000","$1","2028",""
"","Daulton Jefferies","RP","OAK","26","2022","2022","1","$700,000","$700,000","$0","$0.000","$1","2028",""
"","Sam Moll","RP","OAK","30","2022","2022","1","$700,000","$700,000","$0","$0.000","$1","2028",""
"","Dany Jimenez","RP","OAK","28","2022","2022","1","$700,000","$700,000","$0","$0.000","$1","2028",""
"","Luis Gonzalez","CF","SF","26","2022","2022","1","$700,000","$700,000","$0","$0.000","$1","2028",""
"","Chris Ellis","RP","BAL","29","2022","2022","1","$700,000","$700,000","$0","$0.000","$1","2028",""
"","Jandel Gustave","RP","MIL","29","2022","2022","1","$700,000","$700,000","$0","$0.000","$1","2025",""
"","John Schreiber","RP","BOS","27","2022","2022","1","$700,000","$700,000","$0","$0.000","$1","2027",""
"","Skye Bolt","CF","OAK","28","2022","2022","1","$700,000","$700,000","$0","$0.000","$1","2028",""
"","Roansy Contreras","P","PIT","22","2022","2022","1","$700,000","$700,000","$0","$0.000","$1","2028",""
"","Brent Honeywell","RP","OAKTB","26","2022","2022","1","$700,000","$700,000","$0","$0.000","$1","2028",""
"","Alexander Wells","P","BAL","24","2022","2022","1","$700,000","$700,000","$0","$0.000","$1","2028",""
"","Sheldon Neuse","SS","OAK","27","2022","2022","1","$700,000","$700,000","$0","$0.000","$1","2028",""
"","Connor Overton","RP","CIN","28","2022","2022","1","$700,000","$700,000","$0","$0.000","$1","2028",""
"","Romy Gonzalez","2B","CHW","25","2022","2022","1","$700,000","$700,000","$0","$0.000","$1","2028",""
"","Sam Haggerty","2B","SEA","27","2022","2022","1","$700,000","$700,000","$0","$0.000","$1","2027",""
"","Willi Castro","SS","DET","24","2022","2022","1","$700,000","$700,000","$0","$0.000","$1","2026",""
"","Kyle Nelson","RP","ARI","25","2022","2022","1","$700,000","$700,000","$0","$0.000","$1","2028",""
"","Andrew Velazquez","3B","LAANYY","27","2022","2022","1","$700,000","$700,000","$0","$0.000","$1","2027",""
"","Luis Rengifo","SS","LAA","24","2022","2022","1","$700,000","$700,000","$0","$0.000","$1","2026",""
"","Seby Zavala","C","CHW","28","2022","2022","1","$700,000","$700,000","$0","$0.000","$1","2028",""
"","Edward Cabrera","P","MIA","23","2022","2022","1","$700,000","$700,000","$0","$0.000","$1","2028",""
"","Luis Garcia","SS","WSH","21","2022","2022","1","$700,000","$700,000","$0","$0.000","$1","2027",""
"","Andrew Toles","RF","LAD","29","2022","2022","1","$700,000","$700,000","$0","$0.000","$1","2027",""
"","Paul Campbell","RP","MIA","26","2022","2022","1","$700,000","$700,000","$0","$0.000","$1","2028",""
"","Sixto Sanchez","SP","MIA","23","2022","2022","1","$700,000","$700,000","$0","$0.000","$1","2028",""
"","Daniel Norris","RP","DET","28","2022","2022","1","$700,000","$700,000","$0","$0.000","$1","2023",""
"","Griffin Jax","SP","MIN","27","2022","2022","1","$700,000","$700,000","$0","$0.000","$1","2028",""
"","Jordan Holloway","P","MIA","25","2022","2022","1","$700,000","$700,000","$0","$0.000","$1","2027",""
"","Trevor Larnach","OF","MIN","24","2022","2022","1","$700,000","$700,000","$0","$0.000","$1","2028",""
"","Andrew Wantz","RP","LAA","26","2022","2022","1","$700,000","$700,000","$0","$0.000","$1","2028",""
"","Kyle Garlick","RF","MIN","29","2022","2022","1","$700,000","$700,000","$0","$0.000","$1","2027",""
"","Hunter Harvey","RP","WSHBAL","27","2022","2022","1","$700,000","$700,000","$0","$0.000","$1","2026",""
"","Chase Anderson","RP","CIN","34","2022","2022","1","$700,000","$700,000","$0","$0.000","$1","2023",""
"","Braxton Garrett","P","MIA","24","2022","2022","1","$700,000","$700,000","$0","$0.000","$1","2028",""
"","A.J. Alexy","SP","TEX","23","2022","2022","1","$700,000","$700,000","$0","$0.000","$1","2028",""
"","Gregory Santos","P","SF","22","2022","2022","1","$700,000","$700,000","$0","$0.000","$1","2028",""
"","Christian Bethancourt","C","TBOAK","30","2022","2022","1","$700,000","$700,000","$0","$0.000","$1","2026",""
"","Jose Castillo","RP","SD","25","2022","2022","1","$700,000","$700,000","$0","$0.000","$1","2025",""
"","Andrew Bellatti","RP","PHI","30","2022","2022","1","$700,000","$700,000","$0","$0.000","$1","2027",""
"","Chadwick Tromp","C","ATL","26","2022","2022","1","$700,000","$700,000","$0","$0.000","$1","2027",""
"","Luke Farrell","RP","CHC","30","2022","2022","1","$700,000","$700,000","$0","$0.000","$1","2026",""
"","Heath Hembree","RP","LAD","32","2022","2022","1","$700,000","$700,000","$0","$0.000","$1","2023",""
"","Sebastian Rivero","C","KC","23","2022","2022","1","$700,000","$700,000","$0","$0.000","$1","2028",""
"","Brandon Bielak","P","HOU","25","2022","2022","1","$700,000","$700,000","$0","$0.000","$1","2026",""
"","Chase De Jong","SP","PIT","28","2022","2022","1","$700,000","$700,000","$0","$0.000","$1","2027",""
"","Trevor Megill","RP","MIN","28","2022","2022","1","$700,000","$700,000","$0","$0.000","$1","2028",""
"","Jimmy Nelson","RP","LAD","32","2022","2023","1","$700,000","$700,000","$0","$0.000","$1","2024",""
"","Erasmo Ramirez","SP","WSH","31","2022","2022","1","$700,000","$700,000","$0","$0.000","$1","2023",""
"","C.J. Edwards","RP","WSH","30","2022","2022","1","$700,000","$700,000","$0","$0.000","$1","2023",""
"","Magneuris Sierra","CF","LAA","25","2022","2022","1","$700,000","$700,000","$0","$0.000","$1","2026",""
"","Glenn Otto","P","TEX","25","2022","2022","1","$700,000","$700,000","$0","$0.000","$1","2028",""
"","Jonathan Davis","CF","MIL","29","2022","2022","1","$700,000","$700,000","$0","$0.000","$1","2027",""
"","Mauricio Llovera","P","SF","25","2022","2022","1","$700,000","$700,000","$0","$0.000","$1","2028",""
"","Spenser Watkins","RP","BAL","29","2022","2022","1","$700,000","$700,000","$0","$0.000","$1","2028",""
"","Colin Poche","RP","TB","27","2022","2022","1","$700,000","$700,000","$0","$0.000","$1","2026",""
"","Elvis Andrus","SS","CHW","33","2022","2022","1","$700,000","$700,000","$0","$0.000","$1","2023",""
"","Ryan Thompson","RP","TB","29","2022","2022","1","$700,000","$700,000","$0","$0.000","$1","2026",""
"","Matt Thaiss","1B","LAA","26","2022","2022","1","$700,000","$700,000","$0","$0.000","$1","2028",""
"","Reiver Sanmartin","SP","CIN","25","2022","2022","1","$700,000","$700,000","$0","$0.000","$1","2028",""
"","Mike Ford","1B","LAASEA","29","2022","2022","1","$700,000","$700,000","$0","$0.000","$1","2023",""
"","Nick Fortes","C","MIA","25","2022","2022","1","$700,000","$700,000","$0","$0.000","$1","2028",""
"","Leodys Taveras","OF","TEX","23","2022","2022","1","$700,000","$700,000","$0","$0.000","$1","2027",""
"","Aramis Garcia","C","CIN","29","2022","2022","1","$700,000","$700,000","$0","$0.000","$1","2026",""
"","Justin Lawrence","RP","COL","27","2022","2022","1","$700,000","$700,000","$0","$0.000","$1","2028",""
"","Seth Martinez","RP","HOU","27","2022","2022","1","$700,000","$700,000","$0","$0.000","$1","2028",""
"","Robert Dugger","P","CINTB","26","2022","2022","1","$700,000","$700,000","$0","$0.000","$1","2027",""
"","Damon Jones","SP","PHI","27","2022","2022","1","$700,000","$700,000","$0","$0.000","$1","2028",""
"","Miguel Sanchez","RP","MIL","28","2022","2022","1","$700,000","$700,000","$0","$0.000","$1","2028",""
"","Jeurys Familia","RP","BOS","32","2022","2022","1","$700,000","$700,000","$0","$0.000","$1","2023",""
"","Eric Stout","P","PITCHC","28","2022","2022","1","$700,000","$700,000","$0","$0.000","$1","2028",""
"","Oneil Cruz","SS","PIT","23","2022","2022","1","$700,000","$700,000","$0","$0.000","$1","2028",""
"","Tommy Nance","RP","MIACHC","30","2022","2022","1","$700,000","$700,000","$0","$0.000","$1","2028",""
"","Tyler Heineman","C","PITTOR","30","2022","2022","1","$700,000","$700,000","$0","$0.000","$1","2028",""
"","Isaac Paredes","3B","TBDET","22","2022","2022","1","$700,000","$700,000","$0","$0.000","$1","2027",""
"","Kevin Ginkel","RP","ARI","27","2022","2022","1","$700,000","$700,000","$0","$0.000","$1","2027",""
"","Vimael Machin","2B","OAK","28","2022","2022","1","$700,000","$700,000","$0","$0.000","$1","2027",""
"","Tyler Gilbert","RP","ARI","28","2022","2022","1","$700,000","$700,000","$0","$0.000","$1","2028",""
"","Ildemaro Vargas","2B","WSHCHC","30","2022","2022","1","$700,000","$700,000","$0","$0.000","$1","2026",""
"","Ryan Feltner","P","COL","25","2022","2022","1","$700,000","$700,000","$0","$0.000","$1","2028",""
"","Nick Maton","SS","PHI","24","2022","2022","1","$700,000","$700,000","$0","$0.000","$1","2028",""
"","Jimmy Lambert","SP","CHW","27","2022","2022","1","$700,000","$700,000","$0","$0.000","$1","2027",""
"","Dylan Lee","RP","ATL","27","2022","2022","1","$700,000","$700,000","$0","$0.000","$1","2028",""
"","Will Vest","RP","DET","26","2022","2022","1","$700,000","$700,000","$0","$0.000","$1","2028",""
"","Albert Almora","CF","CIN","27","2022","2022","1","$700,000","$700,000","$0","$0.000","$1","2024",""
"","Ian Gibaut","RP","CINCLE","28","2022","2022","1","$700,000","$700,000","$0","$0.000","$1","2028",""
"","Jose Urena","SP","COL","30","2022","2022","1","$700,000","$700,000","$0","$0.000","$1","2023",""
"","Austin Romine","C","CINSTL","33","2022","2022","1","$700,000","$700,000","$0","$0.000","$1","2023",""
"","Luis Frias","SP","ARI","23","2022","2022","1","$700,000","$700,000","$0","$0.000","$1","2028",""
"","Donnie Walton","SS","SFSEA","27","2022","2022","1","$700,000","$700,000","$0","$0.000","$1","2028",""
"","Tayler Scott","SP","SD","29","2022","2022","1","$700,000","$700,000","$0","$0.000","$1","2028",""
"","Emmanuel Rivera","3B","ARIKC","25","2022","2022","1","$700,000","$700,000","$0","$0.000","$1","2028",""
"","Austin Wynns","C","SFPHI","31","2022","2022","1","$700,000","$700,000","$0","$0.000","$1","2027",""
"","Scott Alexander","RP","SF","32","2022","2022","1","$700,000","$700,000","$0","$0.000","$1","2023",""
"","Manuel Rodriguez","RP","CHC","25","2022","2022","1","$700,000","$700,000","$0","$0.000","$1","2028",""
"","Alex Jackson","C","MILMIA","26","2022","2022","1","$700,000","$700,000","$0","$0.000","$1","2027",""
"","Meibrys Viloria","C","TEX","24","2022","2022","1","$700,000","$700,000","$0","$0.000","$1","2027",""
"","Kirby Snead","P","OAK","27","2022","2022","1","$700,000","$700,000","$0","$0.000","$1","2028",""
"","Rougned Odor","2B","BAL","27","2022","2022","1","$700,000","$700,000","$0","$0.000","$1","2023",""
"","Yency Almonte","RP","LAD","27","2022","2022","1","$700,000","$700,000","$0","$0.000","$1","2026",""
"","Tyler Nevin","3B","BAL","24","2022","2022","1","$700,000","$700,000","$0","$0.000","$1","2028",""
"","Mark Leiter Jr.","RP","CHC","30","2022","2022","1","$700,000","$700,000","$0","$0.000","$1","2027",""
"","Mark Mathias","2B","TEXMIL","27","2022","2022","1","$700,000","$700,000","$0","$0.000","$1","2027",""
"","Steve Nogosek","P","NYM","26","2022","2022","1","$700,000","$700,000","$0","$0.000","$1","2028",""
"","Jackie Bradley Jr.","CF","TOR","31","2022","2022","1","$700,000","$700,000","$0","$0.000","$1","2023",""
"","Matt Festa","RP","SEA","28","2022","2022","1","$700,000","$700,000","$0","$0.000","$1","2028",""
"","Alejo Lopez","2B","CIN","25","2022","2022","1","$700,000","$700,000","$0","$0.000","$1","2028",""
"","Rodolfo Castro","SS","PIT","22","2022","2022","1","$700,000","$700,000","$0","$0.000","$1","2028",""
"","David Peterson","SP","NYM","26","2022","2022","1","$700,000","$700,000","$0","$0.000","$1","2026",""
"","Dallas Keuchel","SP","TEX","33","2022","2022","1","$700,000","$700,000","$0","$0.000","$1","2023",""
"","Lewin Diaz","1B","MIA","25","2022","2022","1","$700,000","$700,000","$0","$0.000","$1","2028",""
"","Aaron Sanchez","SP","MIN","29","2022","2022","1","$700,000","$700,000","$0","$0.000","$1","2023",""
"","Brent Rooker","OF","KCMIN","27","2022","2022","1","$700,000","$700,000","$0","$0.000","$1","2028",""
"","Jon Heasley","P","KC","24","2022","2022","1","$700,000","$700,000","$0","$0.000","$1","2028",""
"","Angel Zerpa","P","KC","22","2022","2022","1","$700,000","$700,000","$0","$0.000","$1","2028",""
"","T.J. Zeuch","SP","CIN","26","2022","2022","1","$700,000","$700,000","$0","$0.000","$1","2028",""
"","Stuart Fairchild","OF","CINARI","25","2022","2022","1","$700,000","$700,000","$0","$0.000","$1","2028",""
"","Shawn Armstrong","RP","TB","31","2022","2022","1","$700,000","$700,000","$0","$0.000","$1","2025",""
"","Zack Short","2B","DET","26","2022","2022","1","$700,000","$700,000","$0","$0.000","$1","2028",""
"","Scott Kazmir","SP","SF","37","2021","2021","1","$600,000","$600,000","$0","$0.000","$1","2022",""
"","Khris Davis","DH","OAK","33","2021","2021","1","$570,500","$570,500","$0","$0.000","$1","2022",""
"","Hector Santiago","RP","SEA","33","2021","2021","1","$570,500","$570,500","$0","$0.000","$1","2022",""