"Rank","Player","Pos","Team","GP","GP%","GS","GS%","AB","H","2B","3B","HR","RBI","AVG","OBP","SLG","OPS","WAR","TVS","Cash2023",""
"","Derek Jeter","SS","NYY","159","0.982","158","0.975","683","216","32","0","15","58","0.316","0.362","0.429","0.791","2.16","23.61","$0",""
"","Miguel Cabrera","1B","DET","161","0.994","161","0.994","622","205","40","0","44","139","0.330","0.393","0.606","0.999","7.14","96.42","$32,000,000",""
"","Robinson Cano","2B","NYY","161","0.994","159","0.982","627","196","48","1","33","94","0.313","0.379","0.550","0.929","8.44","98.76","$0",""
"","Everth Cabrera","SS","SD","230","0.710","218","0.673","796","196","38","6","4","48","0.246","0.324","0.324","0.648","3.56","82.66","$0",""
"","Adrian Beltre","3B","TEX","156","0.963","152","0.938","604","194","33","2","36","102","0.321","0.359","0.561","0.921","7.24","88.47","$0",""
"","Andrew McCutchen","RF","PIT","157","0.969","156","0.963","593","194","29","6","31","96","0.327","0.400","0.553","0.953","6.94","98.88","$5,000,000",""
"","Billy Butler","DH","KC","161","0.994","158","0.975","614","192","32","1","29","107","0.313","0.373","0.510","0.882","3.03","76.02","$0",""
"","Ryan Braun","LF","MIL","154","0.951","153","0.944","598","191","36","3","41","112","0.319","0.391","0.595","0.987","6.87","97.04","$0",""
"","Marco Scutaro","2B","SF","156","0.963","149","0.920","620","190","32","4","7","74","0.307","0.348","0.405","0.753","0.05","26.47","$0",""
"","Alex Gordon","LF","KC","161","0.994","159","0.982","642","189","51","5","14","72","0.294","0.368","0.455","0.822","6.31","84.66","$0",""
"","Adrian Gonzalez","1B","BOS","159","0.982","158","0.975","629","188","47","1","18","108","0.299","0.344","0.463","0.806","2.97","20.37","$0",""
"","Martin Prado","3B","ATL","156","0.963","154","0.951","617","186","42","6","10","70","0.302","0.359","0.438","0.796","5.41","84.47","$0",""
"","Adam Jones","CF","BAL","162","1.000","162","1.000","648","186","39","3","32","82","0.287","0.334","0.505","0.839","4.14","83.45","$0",""
"","Jose Reyes","3B","MIA","160","0.988","160","0.988","642","184","37","12","11","57","0.287","0.347","0.433","0.780","2.96","40.77","$0",""
"","Aaron Hill","3B","ARI","156","0.963","151","0.932","609","184","44","6","26","85","0.302","0.360","0.522","0.882","5.05","92.84","$0",""
"","Alex Rios","RF","CHW","157","0.969","156","0.963","605","184","37","8","25","91","0.304","0.334","0.516","0.850","4.75","81.47","$0",""
"","Starlin Castro","2B","CHC","162","1.000","161","0.994","646","183","29","12","14","78","0.283","0.323","0.430","0.753","3.46","74.50","$0",""
"","Prince Fielder","DH","DET","162","1.000","162","1.000","581","182","33","1","30","108","0.313","0.412","0.528","0.940","4.73","66.78","$0",""
"","Mike Trout","CF","LAA","139","0.858","138","0.852","559","182","27","8","30","83","0.326","0.399","0.564","0.963","10.54","100.00","$35,450,000",""
"","Elvis Andrus","SS","TEX","158","0.975","154","0.951","629","180","31","9","3","62","0.286","0.349","0.378","0.727","3.96","61.65","$0",""
"","David Wright","3B","NYM","156","0.963","155","0.957","581","178","41","2","21","93","0.306","0.391","0.492","0.883","7.06","95.81","$0",""
"","Ichiro Suzuki","RF","NYY","162","1.000","151","0.932","629","178","28","6","9","55","0.283","0.307","0.390","0.696","0.24","4.20","$0",""
"","Buster Posey","C","SF","148","0.914","143","0.883","530","178","39","1","24","103","0.336","0.408","0.549","0.957","7.56","99.64","$0",""
"","Matt Holliday","DH","STL","157","0.969","154","0.951","599","177","36","2","27","102","0.296","0.379","0.497","0.877","4.04","66.63","$0",""
"","Alcides Escobar","SS","KC","155","0.957","155","0.957","605","177","30","7","5","52","0.293","0.331","0.390","0.721","3.40","61.43","$0",""
"","Joe Mauer","1B","MIN","147","0.907","144","0.889","545","174","31","4","10","85","0.319","0.416","0.446","0.861","4.42","49.04","$0",""
"","Angel Pagan","LF","SF","154","0.951","149","0.920","605","174","38","15","8","56","0.288","0.338","0.440","0.778","4.17","78.04","$0",""
"","Albert Pujols","DH","LAA","154","0.951","154","0.951","607","173","50","0","30","105","0.285","0.343","0.516","0.859","4.81","48.33","$0",""
"","Chase Headley","3B","SD","161","0.994","159","0.982","604","173","31","2","31","115","0.286","0.376","0.498","0.875","6.35","98.26","$0",""
"","Aramis Ramirez","3B","MIL","149","0.920","146","0.901","570","171","50","3","27","105","0.300","0.360","0.540","0.901","5.58","89.82","$0",""
"","Michael Bourn","CF","ATL","155","0.957","151","0.932","624","171","26","10","9","57","0.274","0.348","0.391","0.739","5.99","85.64","$0",""
"","Ian Kinsler","2B","TEX","157","0.969","157","0.969","655","168","42","5","19","72","0.257","0.326","0.423","0.749","2.37","66.90","$0",""
"","Torii Hunter","RF","LAA","140","0.864","133","0.821","534","167","24","1","16","92","0.313","0.365","0.451","0.817","5.35","54.52","$0",""
"","Jose Altuve","2B","HOU","147","0.907","142","0.877","576","167","34","4","7","37","0.290","0.340","0.399","0.740","1.44","59.59","$26,000,000",""
"","Daniel Murphy","2B","NYM","156","0.963","136","0.840","571","166","40","3","6","65","0.291","0.332","0.403","0.735","1.53","41.97","$0",""
"","Dustin Pedroia","2B","BOS","141","0.870","141","0.870","563","163","39","3","15","65","0.290","0.347","0.449","0.797","5.11","82.61","$0",""
"","Brandon Phillips","2B","CIN","147","0.907","144","0.889","580","163","30","1","18","77","0.281","0.321","0.429","0.750","4.00","46.28","$0",""
"","Ryan Zimmerman","1B","WSH","145","0.895","144","0.889","578","163","36","1","25","95","0.282","0.346","0.478","0.824","3.90","74.91","$0",""
"","Austin Jackson","CF","DET","137","0.846","135","0.833","543","163","29","10","16","66","0.300","0.377","0.479","0.856","5.48","97.15","$0",""
"","Josh Hamilton","LF","TEX","148","0.914","146","0.901","562","160","31","2","43","127","0.285","0.354","0.577","0.930","4.01","90.91","$0",""
"","Paul Konerko","1B","CHW","144","0.889","143","0.883","533","159","22","0","26","75","0.298","0.371","0.486","0.857","1.93","45.50","$0",""
"","Melky Cabrera","LF","SF","113","0.698","112","0.691","459","159","25","10","11","60","0.346","0.390","0.516","0.906","4.82","94.73","$0",""
"","Yadier Molina","C","STL","138","0.852","133","0.821","505","159","28","0","22","76","0.315","0.373","0.501","0.874","7.19","96.55","$0",""
"","Howie Kendrick","LF","LAA","147","0.907","142","0.877","550","158","32","3","8","67","0.287","0.325","0.400","0.725","2.92","32.08","$0",""
"","Andre Ethier","CF","LAD","149","0.920","146","0.901","556","158","36","1","20","89","0.284","0.351","0.460","0.812","3.51","55.58","$0",""
"","J.J. Hardy","SS","BAL","158","0.975","158","0.975","663","158","30","2","22","68","0.238","0.282","0.389","0.671","3.25","30.18","$0",""
"","Jimmy Rollins","SS","PHI","156","0.963","152","0.938","632","158","33","5","23","68","0.250","0.316","0.427","0.743","2.49","50.66","$0",""
"","Jason Heyward","RF","ATL","158","0.975","151","0.932","587","158","30","6","27","82","0.269","0.335","0.479","0.814","5.51","94.32","$0",""
"","Alexei Ramirez","SS","CHW","158","0.975","157","0.969","593","157","24","4","9","73","0.265","0.287","0.364","0.651","2.69","18.71","$0",""
"","Carlos Gonzalez","RF","COL","135","0.833","131","0.809","518","157","31","5","22","85","0.303","0.371","0.510","0.881","1.61","72.31","$0",""
"","Hunter Pence","LF","PHI","160","0.988","158","0.975","617","156","26","4","24","104","0.253","0.319","0.425","0.743","1.01","28.82","$0",""
"","Justin Upton","LF","ARI","150","0.926","148","0.914","554","155","24","4","17","67","0.280","0.355","0.430","0.785","2.37","58.51","$0",""
"","Hanley Ramirez","DH","LAD","157","0.969","155","0.957","604","155","29","4","24","92","0.257","0.322","0.437","0.759","0.72","31.31","$0",""
"","Adam LaRoche","DH","WSH","154","0.951","149","0.920","571","155","35","1","33","100","0.272","0.343","0.510","0.853","4.17","79.50","$0",""
"","Kyle Seager","3B","SEA","155","0.957","153","0.944","594","154","35","1","20","86","0.259","0.316","0.423","0.738","2.79","64.99","$0",""
"","Delmon Young","LF","DET","151","0.932","145","0.895","574","153","27","1","18","74","0.267","0.296","0.411","0.707","-0.90","8.55","$0",""
"","Omar Infante","2B","DET","149","0.920","143","0.883","554","152","30","7","12","53","0.274","0.300","0.419","0.719","0.72","27.51","$0",""
"","Edwin Encarnacion","DH","TOR","151","0.932","151","0.932","542","152","24","0","42","110","0.280","0.384","0.557","0.941","5.03","99.07","$0",""
"","Corey Hart","RF","MIL","149","0.920","146","0.901","562","152","35","4","30","83","0.271","0.334","0.507","0.841","1.77","59.50","$0",""
"","Shane Victorino","RF","LAD","154","0.951","151","0.932","595","152","29","7","11","55","0.256","0.321","0.383","0.704","1.11","37.37","$0",""
"","Nelson Cruz","DH","TEX","159","0.982","155","0.957","585","152","45","0","24","90","0.260","0.319","0.460","0.779","0.81","37.48","$1,000,000",""
"","Ben Zobrist","2B","TB","157","0.969","156","0.963","560","151","39","7","20","74","0.270","0.377","0.471","0.848","5.78","94.43","$0",""
"","Erick Aybar","SS","LAA","141","0.870","137","0.846","517","150","31","5","8","45","0.290","0.324","0.416","0.740","4.12","55.91","$0",""
"","Yonder Alonso","1B","SD","155","0.957","144","0.889","549","150","39","0","9","62","0.273","0.348","0.393","0.741","1.49","41.91","$0",""
"","Ben Revere","CF","MIN","124","0.765","118","0.728","511","150","13","6","0","32","0.294","0.333","0.342","0.675","2.77","61.84","$0",""
"","Ian Desmond","LF","WSH","130","0.803","126","0.778","513","150","33","2","25","73","0.292","0.335","0.511","0.845","3.38","91.12","$0",""
"","Norichika Aoki","LF","MIL","151","0.932","119","0.735","520","150","37","4","10","50","0.289","0.355","0.433","0.787","3.19","79.54","$0",""
"","Josh Reddick","RF","OAK","156","0.963","152","0.938","611","148","29","5","32","85","0.242","0.305","0.463","0.768","4.58","86.21","$0",""
"","Alfonso Soriano","DH","CHC","151","0.932","149","0.920","561","147","33","2","32","108","0.262","0.322","0.499","0.821","1.88","31.72","$0",""
"","Carlos Beltran","DH","STL","151","0.932","135","0.833","547","147","26","1","32","97","0.269","0.346","0.495","0.842","3.91","69.25","$0",""
"","Alejandro De Aza","LF","CHW","131","0.809","127","0.784","524","147","29","6","9","50","0.281","0.349","0.410","0.760","2.33","76.20","$0",""
"","David Freese","3B","STL","144","0.889","133","0.821","501","147","25","1","20","79","0.293","0.372","0.467","0.839","3.78","85.31","$0",""
"","Danny Espinosa","SS","WSH","160","0.988","153","0.944","594","147","37","2","17","56","0.248","0.315","0.402","0.717","2.59","60.64","$0",""
"","Paul Goldschmidt","1B","ARI","145","0.895","136","0.840","514","147","43","1","20","82","0.286","0.360","0.490","0.850","3.43","92.08","$26,000,000",""
"","Jordan Pacheco","3B","COL","132","0.815","120","0.741","475","147","32","3","5","54","0.310","0.341","0.421","0.762","-0.34","32.14","$0",""
"","Nick Swisher","OF","NYY","148","0.914","146","0.901","537","146","36","0","24","93","0.272","0.364","0.473","0.837","","55.52","$0",""
"","Denard Span","CF","MIN","128","0.790","122","0.753","516","146","38","4","4","41","0.283","0.342","0.395","0.738","4.92","73.93","$0",""
"","Mark Trumbo","DH","LAA","144","0.889","143","0.883","544","146","19","3","32","95","0.268","0.317","0.491","0.808","2.31","73.49","$0",""
"","Allen Craig","RF","STL","119","0.735","113","0.698","469","144","35","0","22","92","0.307","0.354","0.522","0.876","2.36","89.53","$0",""
"","Bryce Harper","RF","WSH","139","0.858","133","0.821","533","144","26","9","22","59","0.270","0.340","0.477","0.817","5.18","93.20","$26,000,000",""
"","Yoenis Cespedes","CF","OAK","129","0.796","128","0.790","487","142","25","5","23","82","0.292","0.356","0.505","0.861","3.97","83.30","$0",""
"","Yunel Escobar","3B","TOR","145","0.895","141","0.870","558","141","22","1","9","51","0.253","0.300","0.344","0.644","2.78","21.63","$0",""
"","Melvin Upton","LF","TB","146","0.901","144","0.889","573","141","29","3","28","78","0.246","0.298","0.454","0.752","2.70","65.28","$0",""
"","Jay Bruce","RF","CIN","155","0.957","149","0.920","560","141","35","5","34","99","0.252","0.327","0.514","0.841","2.21","68.27","$0",""
"","Freddie Freeman","1B","ATL","147","0.907","145","0.895","540","140","33","2","23","94","0.259","0.340","0.456","0.796","2.37","78.47","$20,000,000",""
"","Miguel Montero","C","ARI","141","0.870","136","0.840","486","139","25","2","15","88","0.286","0.391","0.438","0.829","4.48","80.58","$0",""
"","David Murphy","DH","TEX","147","0.907","125","0.772","457","139","29","3","15","61","0.304","0.380","0.479","0.859","3.54","77.92","$0",""
"","Chris Davis","1B","BAL","139","0.858","136","0.840","515","139","20","0","33","85","0.270","0.326","0.501","0.827","1.72","74.39","$0",""
"","Darwin Barney","SS","CHC","156","0.963","147","0.907","548","139","26","4","7","44","0.254","0.299","0.354","0.653","4.59","45.06","$0",""
"","Curtis Granderson","RF","NYY","160","0.988","153","0.944","596","138","18","4","43","106","0.232","0.319","0.492","0.811","3.31","80.69","$0",""
"","Zack Cozart","SS","CIN","138","0.852","131","0.809","561","138","33","4","15","35","0.246","0.288","0.399","0.687","2.76","45.31","$0",""
"","Chris Johnson","3B","HOU","136","0.840","127","0.784","488","137","28","5","15","76","0.281","0.326","0.451","0.777","0.46","45.43","$0",""
"","Dustin Ackley","2B","SEA","153","0.944","151","0.932","607","137","22","2","12","50","0.226","0.294","0.328","0.622","2.57","36.03","$0",""
"","Dexter Fowler","CF","COL","143","0.883","116","0.716","454","136","18","11","13","53","0.300","0.389","0.474","0.863","2.63","80.03","$0",""
"","Mike Moustakas","3B","KC","149","0.920","147","0.907","563","136","34","1","20","73","0.242","0.296","0.412","0.708","3.10","57.47","$0",""
"","Josh Willingham","LF","MIN","145","0.895","143","0.883","519","135","30","1","35","110","0.260","0.366","0.524","0.890","3.32","89.09","$0",""
"","Rickie Weeks","1B","MIL","157","0.969","154","0.951","588","135","29","4","21","63","0.230","0.328","0.400","0.728","-0.42","22.62","$0",""
"","Justin Morneau","1B","MIN","134","0.827","133","0.821","505","135","26","2","19","77","0.267","0.333","0.440","0.773","1.22","23.93","$0",""
"","Jon Jay","CF","STL","117","0.722","108","0.667","443","135","22","4","4","40","0.305","0.373","0.400","0.773","3.30","78.54","$0",""
"","Brett Lawrie","2B","TOR","125","0.772","125","0.772","494","135","26","3","11","48","0.273","0.324","0.405","0.729","4.50","74.62","$0",""
"","Ruben Tejada","SS","NYM","114","0.704","110","0.679","464","134","26","0","1","25","0.289","0.333","0.351","0.685","2.13","32.41","$0",""
"","Jesus Montero","C","SEA","135","0.833","132","0.815","515","134","20","0","15","62","0.260","0.298","0.386","0.685","","19.88","$0",""
"","A.J. Pierzynski","C","CHW","135","0.833","126","0.778","479","133","18","4","27","77","0.278","0.326","0.501","0.827","3.26","69.94","$0",""
"","David DeJesus","LF","CHC","148","0.914","125","0.772","506","133","28","8","9","50","0.263","0.350","0.403","0.753","1.42","39.06","$0",""
"","Ryan Doumit","C","MIN","134","0.827","126","0.778","484","133","34","1","18","75","0.275","0.320","0.461","0.781","1.27","45.59","$0",""
"","Jeff Francoeur","LF","KC","148","0.914","146","0.901","561","132","26","3","16","49","0.235","0.287","0.378","0.665","-2.15","3.75","$0",""
"","Kendrys Morales","DH","LAA","134","0.827","120","0.741","484","132","26","1","22","73","0.273","0.320","0.467","0.787","2.07","53.26","$0",""
"","Neil Walker","2B","PIT","129","0.796","125","0.772","472","132","27","0","14","69","0.280","0.342","0.426","0.768","2.55","67.47","$0",""
"","Matt Wieters","C","BAL","144","0.889","141","0.870","526","131","27","1","23","83","0.249","0.329","0.435","0.764","4.06","78.49","$0",""
"","Giancarlo Stanton","RF","MIA","123","0.759","117","0.722","449","130","30","1","37","86","0.290","0.361","0.608","0.969","5.35","99.33","$22,000,000",""
"","Garrett Jones","RF","PIT","145","0.895","127","0.784","475","130","28","3","27","86","0.274","0.317","0.516","0.832","1.49","60.78","$0",""
"","Dayan Viciedo","RF","CHW","147","0.907","141","0.870","505","129","18","1","25","78","0.255","0.300","0.444","0.744","1.03","34.37","$0",""
"","Jason Kubel","LF","ARI","141","0.870","130","0.803","506","128","30","4","30","90","0.253","0.328","0.506","0.833","1.29","54.94","$0",""
"","Pedro Alvarez","1B","PIT","149","0.920","144","0.889","525","128","25","1","30","85","0.244","0.317","0.467","0.784","2.60","66.48","$0",""
"","Mike Aviles","3B","BOS","136","0.840","130","0.803","512","128","28","0","13","60","0.250","0.282","0.381","0.663","2.45","38.25","$0",""
"","Cody Ross","RF","BOS","130","0.803","126","0.778","476","127","34","1","22","81","0.267","0.326","0.481","0.807","2.22","67.70","$0",""
"","Jhonny Peralta","3B","DET","150","0.926","145","0.895","531","127","32","3","13","63","0.239","0.305","0.384","0.689","1.11","18.50","$0",""
"","Joey Votto","1B","CIN","111","0.685","109","0.673","374","126","44","0","14","56","0.337","0.474","0.567","1.041","5.90","99.09","$25,000,000",""
"","Rafael Furcal","SS","STL","121","0.747","116","0.716","477","126","18","3","5","49","0.264","0.325","0.346","0.671","","15.73","$0",""
"","Alex Rodriguez","DH","NYY","122","0.753","119","0.735","463","126","17","1","18","57","0.272","0.354","0.430","0.783","2.23","11.61","$0",""
"","Colby Rasmus","LF","TOR","151","0.932","141","0.870","565","126","21","5","23","75","0.223","0.289","0.400","0.689","1.76","38.57","$0",""
"","Nick Markakis","RF","BAL","104","0.642","104","0.642","420","125","28","3","13","54","0.298","0.363","0.471","0.834","1.72","49.71","$0",""
"","Michael Saunders","LF","SEA","139","0.858","133","0.821","507","125","31","3","19","57","0.247","0.306","0.432","0.738","2.45","66.65","$0",""
"","Desmond Jennings","LF","TB","132","0.815","124","0.765","505","124","19","7","13","47","0.246","0.314","0.388","0.702","3.36","76.14","$0",""
"","Eric Hosmer","1B","KC","152","0.938","144","0.889","535","124","22","2","14","60","0.232","0.304","0.359","0.663","-0.45","24.35","$720,000",""
"","Cameron Maybin","CF","SD","147","0.907","136","0.840","507","123","20","5","8","45","0.243","0.307","0.349","0.656","2.79","34.54","$0",""
"","Gordon Beckham","2B","CHW","151","0.932","148","0.914","525","123","24","0","16","60","0.234","0.296","0.371","0.668","0.79","24.84","$0",""
"","Matt Kemp","RF","LAD","106","0.654","105","0.648","403","122","22","2","23","69","0.303","0.368","0.538","0.906","2.77","59.02","$0",""
"","Tyler Colvin","RP","COL","136","0.840","99","0.611","420","122","27","10","18","72","0.291","0.327","0.531","0.858","0.00","99.66","$0",""
"","Carlos Ruiz","C","PHI","114","0.704","95","0.586","372","121","32","0","16","68","0.325","0.394","0.540","0.935","4.57","94.46","$0",""
"","Coco Crisp","CF","OAK","120","0.741","111","0.685","455","118","25","7","11","46","0.259","0.325","0.418","0.742","3.04","70.74","$0",""
"","Ike Davis","1B","NYM","156","0.963","137","0.846","519","118","26","0","32","90","0.227","0.308","0.462","0.771","1.00","52.88","$0",""
"","Mike Morse","LF","WSH","102","0.630","102","0.630","406","118","17","1","18","62","0.291","0.321","0.470","0.791","0.52","38.98","$0",""
"","Ryan Ludwick","LF","CIN","125","0.772","109","0.673","422","116","28","1","26","80","0.275","0.346","0.531","0.877","2.26","76.74","$0",""
"","Dan Uggla","2B","ATL","154","0.951","151","0.932","523","115","29","0","19","78","0.220","0.348","0.384","0.732","2.85","37.31","$0",""
"","Alberto Callaspo","3B","LAA","138","0.852","122","0.753","457","115","20","0","10","53","0.252","0.331","0.361","0.692","3.36","40.52","$0",""
"","Rajai Davis","CF","TOR","142","0.877","117","0.722","447","115","24","3","8","43","0.257","0.309","0.378","0.687","0.82","40.46","$0",""
"","Todd Frazier","3B","CIN","128","0.790","109","0.673","422","115","26","6","19","67","0.273","0.331","0.498","0.829","2.25","70.49","$0",""
"","Kelly Johnson","2B","TOR","142","0.877","136","0.840","507","114","19","2","16","55","0.225","0.313","0.365","0.678","1.81","30.18","$0",""
"","A.J. Ellis","C","LAD","133","0.821","128","0.790","423","114","20","1","13","52","0.270","0.373","0.414","0.786","3.39","68.91","$0",""
"","Mark Teixeira","1B","NYY","123","0.759","121","0.747","451","113","27","1","24","84","0.251","0.332","0.475","0.807","3.79","32.80","$0",""
"","Brennan Boesch","RF","DET","132","0.815","123","0.759","470","113","22","2","12","54","0.240","0.286","0.372","0.659","-0.96","13.49","$0",""
"","Brandon Belt","1B","SF","145","0.895","106","0.654","411","113","27","6","7","56","0.275","0.360","0.421","0.781","2.77","63.01","$9,300,000",""
"","Pablo Sandoval","3B","SF","108","0.667","105","0.648","396","112","25","2","12","63","0.283","0.342","0.447","0.789","2.15","53.28","$0",""
"","Adam Dunn","DH","CHW","151","0.932","149","0.920","539","110","19","0","41","96","0.204","0.333","0.468","0.800","1.55","44.49","$0",""
"","Will Venable","CF","SD","148","0.914","103","0.636","417","110","26","8","9","45","0.264","0.336","0.429","0.765","1.93","55.34","$0",""
"","James Loney","1B","LAD","144","0.889","107","0.661","434","108","20","0","6","41","0.249","0.293","0.336","0.630","-0.25","2.31","$0",""
"","Carlos Gomez","CF","MIL","137","0.846","98","0.605","415","108","19","4","19","51","0.260","0.305","0.463","0.768","2.21","69.71","$0",""
"","John Mayberry Jr.","RF","PHI","149","0.920","107","0.661","441","108","24","0","14","46","0.245","0.301","0.395","0.695","0.88","20.79","$0",""
"","Brandon Crawford","SS","SF","143","0.883","122","0.753","435","108","26","3","4","45","0.248","0.304","0.349","0.653","2.41","21.90","$16,000,000",""
"","Mark Ellis","2B","LAD","110","0.679","100","0.617","415","107","21","1","7","31","0.258","0.333","0.364","0.697","2.58","38.36","$0",""
"","Wilin Rosario","1B","COL","117","0.722","101","0.624","396","107","19","0","28","71","0.270","0.312","0.530","0.843","1.57","72.72","$0",""
"","Bobby Abreu","LF","LAA","200","0.617","108","0.333","438","106","22","2","6","48","0.242","0.350","0.342","0.693","-0.48","31.92","$0",""
"","Justin Smoak","1B","SEA","132","0.815","130","0.803","483","105","14","0","19","51","0.217","0.290","0.364","0.654","-0.34","17.70","$0",""
"","Gerardo Parra","LF","ARI","133","0.821","90","0.556","385","105","21","2","7","36","0.273","0.335","0.392","0.727","2.00","42.31","$0",""
"","Drew Stubbs","CF","CIN","136","0.840","123","0.759","493","105","13","2","14","40","0.213","0.277","0.333","0.610","0.13","26.43","$0",""
"","Steve Lombardozzi","2B","WSH","126","0.778","83","0.512","384","105","16","3","3","27","0.273","0.317","0.354","0.671","0.42","12.39","$0",""
"","Clint Barmes","SS","PIT","144","0.889","135","0.833","455","104","16","1","8","45","0.229","0.272","0.321","0.593","1.19","4.16","$0",""
"","Chris Nelson","3B","COL","111","0.685","86","0.531","345","104","21","3","9","53","0.301","0.352","0.458","0.810","-0.75","40.47","$0",""
"","David Ortiz","DH","BOS","90","0.556","88","0.543","324","103","26","0","23","60","0.318","0.415","0.611","1.026","3.17","0.00","$0",""
"","Ryan Roberts","2B","ARI","143","0.883","114","0.704","439","103","19","0","12","52","0.235","0.296","0.360","0.656","0.65","17.49","$0",""
"","Chris Denorfia","RF","SD","130","0.803","77","0.475","348","102","19","6","8","36","0.293","0.345","0.451","0.796","2.43","54.65","$0",""
"","Brian McCann","C","ATL","121","0.747","116","0.716","439","101","14","0","20","67","0.230","0.300","0.399","0.698","1.12","28.62","$0",""
"","Mark Reynolds","3B","BAL","135","0.833","132","0.815","457","101","26","0","23","69","0.221","0.335","0.429","0.763","0.20","39.06","$0",""
"","Jonathan Lucroy","C","MIL","96","0.593","80","0.494","316","101","17","4","12","58","0.320","0.368","0.513","0.881","3.30","0.00","$0",""
"","Scott Hairston","RF","NYM","134","0.827","86","0.531","377","99","25","3","20","57","0.263","0.299","0.504","0.803","","36.96","$0",""
"","Trevor Plouffe","3B","MIN","119","0.735","113","0.698","422","99","19","1","24","55","0.235","0.301","0.455","0.756","1.09","49.16","$0",""
"","Willie Bloomquist","2B","ARI","80","0.494","73","0.451","324","98","21","5","0","23","0.303","0.325","0.398","0.724","","0.00","$0",""
"","Carlos Pena","1B","TB","160","0.988","135","0.833","497","98","17","2","19","61","0.197","0.330","0.354","0.684","0.62","18.81","$0",""
"","Jemile Weeks","2B","OAK","118","0.728","112","0.691","444","98","15","8","2","20","0.221","0.305","0.304","0.609","-0.64","18.81","$0",""
"","Kurt Suzuki","C","WSH","118","0.728","113","0.698","408","96","20","0","6","43","0.235","0.276","0.328","0.605","-0.10","4.86","$0",""
"","Gregor Blanco","RF","SF","141","0.870","90","0.556","393","96","14","5","5","34","0.244","0.333","0.344","0.676","2.09","42.89","$0",""
"","Lucas Duda","1B","NYM","121","0.747","108","0.667","401","96","15","0","15","57","0.239","0.329","0.389","0.718","-1.09","23.46","$0",""
"","Matt Joyce","RF","TB","124","0.765","110","0.679","399","96","18","3","17","59","0.241","0.341","0.429","0.769","2.13","62.73","$0",""
"","Anthony Rizzo","1B","CHC","87","0.537","85","0.525","337","96","15","0","15","48","0.285","0.342","0.463","0.805","2.24","0.00","$17,000,000",""
"","J.D. Martinez","DH","HOU","113","0.698","102","0.630","395","95","14","3","11","55","0.241","0.311","0.375","0.685","-0.57","18.26","$10,000,000",""
"","Michael Cuddyer","LF","COL","101","0.624","92","0.568","358","93","30","2","16","58","0.260","0.317","0.489","0.806","0.62","36.45","$0",""
"","Raul Ibanez","DH","NYY","130","0.803","99","0.611","384","92","19","3","19","62","0.240","0.308","0.453","0.761","0.45","36.51","$0",""
"","Seth Smith","RF","OAK","125","0.772","101","0.624","383","92","23","2","14","52","0.240","0.333","0.420","0.754","1.79","45.55","$0",""
"","Chris Heisey","LF","CIN","120","0.741","80","0.494","347","92","16","5","7","31","0.265","0.315","0.401","0.715","0.20","19.50","$0",""
"","Greg Dobbs","1B","MIA","120","0.741","71","0.438","319","91","13","2","5","39","0.285","0.313","0.386","0.698","-2.01","4.57","$0",""
"","Jayson Werth","LF","WSH","81","0.500","79","0.488","300","90","21","3","5","31","0.300","0.387","0.440","0.827","0.77","0.00","$0",""
"","Jarrod Saltalamacchia","C","BOS","121","0.747","107","0.661","405","90","17","1","25","59","0.222","0.288","0.454","0.742","1.61","42.95","$0",""
"","Cliff Pennington","SS","OAK","125","0.772","116","0.716","418","90","18","2","6","28","0.215","0.278","0.311","0.589","2.01","21.38","$0",""
"","Russell Martin","C","NYY","133","0.821","120","0.741","422","89","18","0","21","53","0.211","0.311","0.403","0.713","1.80","27.37","$0",""
"","Alex Avila","C","DET","116","0.716","107","0.661","367","89","21","2","9","48","0.243","0.352","0.384","0.736","2.20","52.73","$0",""
"","Mitch Moreland","1B","TEX","114","0.704","88","0.543","327","89","18","0","15","50","0.272","0.318","0.465","0.783","0.50","34.72","$0",""
"","Ryan Hanigan","C","CIN","112","0.691","98","0.605","317","87","14","0","2","24","0.274","0.365","0.338","0.703","2.29","26.02","$0",""
"","Salvador Perez","C","KC","76","0.469","75","0.463","289","87","16","0","11","39","0.301","0.328","0.471","0.798","2.99","0.00","$20,000,000",""
"","Matt Carpenter","3B","STL","114","0.704","66","0.407","296","87","22","5","6","46","0.294","0.365","0.463","0.828","1.11","50.21","$6,500,000",""
"","Logan Forsythe","2B","SD","91","0.562","76","0.469","315","86","13","3","6","26","0.273","0.343","0.390","0.733","0.89","0.00","$0",""
"","Joaquin Arias","SS","SF","112","0.691","79","0.488","319","86","13","5","5","34","0.270","0.304","0.389","0.693","0.98","18.36","$0",""
"","Daniel Descalso","3B","STL","143","0.883","94","0.580","374","85","10","7","4","26","0.227","0.303","0.324","0.627","-0.07","8.06","$0",""
"","Donovan Solano","2B","MIA","93","0.574","72","0.444","285","84","11","3","2","28","0.295","0.342","0.375","0.717","0.71","0.00","$0",""
"","Jed Lowrie","2B","HOU","97","0.599","90","0.556","340","83","18","0","16","42","0.244","0.331","0.438","0.769","2.22","0.00","$0",""
"","Jacoby Ellsbury","CF","BOS","74","0.457","72","0.444","303","82","18","0","4","26","0.271","0.313","0.370","0.682","0.93","0.00","$0",""
"","Adam Lind","1B","TOR","93","0.574","85","0.525","321","82","14","2","11","45","0.256","0.314","0.414","0.729","0.27","0.00","$0",""
"","Alex Presley","LF","PIT","104","0.642","78","0.482","346","82","14","7","10","25","0.237","0.279","0.405","0.683","0.02","20.50","$0",""
"","Robert Andino","CF","BAL","127","0.784","107","0.661","384","81","13","1","7","28","0.211","0.283","0.305","0.588","0.19","6.79","$0",""
"","J.P. Arencibia","1B","TOR","102","0.630","94","0.580","347","81","16","0","18","56","0.233","0.275","0.435","0.710","1.47","38.79","$0",""
"","Jose Tabata","RF","PIT","103","0.636","79","0.488","333","81","20","3","3","16","0.243","0.315","0.348","0.664","-0.06","12.36","$0",""
"","John Jaso","RF","SEA","108","0.667","83","0.512","294","81","19","2","10","50","0.276","0.394","0.456","0.850","3.35","84.46","$0",""
"","Mike Napoli","1B","TEX","108","0.667","102","0.630","352","80","9","2","24","56","0.227","0.343","0.469","0.812","1.76","49.04","$0",""
"","Jose Bautista","RF","TOR","92","0.568","92","0.568","332","80","14","0","27","65","0.241","0.358","0.527","0.886","3.82","0.00","$0",""
"","Brendan Ryan","1B","SEA","141","0.870","134","0.827","407","79","19","3","3","31","0.194","0.277","0.278","0.555","3.38","18.85","$0",""
"","Evan Longoria","3B","TB","74","0.457","74","0.457","273","79","14","0","17","55","0.289","0.369","0.527","0.896","2.46","0.00","$4,000,000",""
"","Eric Chavez","3B","NYY","113","0.698","73","0.451","278","78","12","0","16","37","0.281","0.348","0.496","0.845","","37.00","$0",""
"","Reed Johnson","LF","CHC","119","0.735","54","0.333","269","78","14","3","3","20","0.290","0.337","0.398","0.735","-0.35","8.95","$0",""
"","Brandon Moss","DH","OAK","84","0.519","68","0.420","265","77","18","0","21","52","0.291","0.358","0.596","0.954","2.13","0.00","$0",""
"","Chase Utley","2B","PHI","83","0.512","81","0.500","301","77","15","2","11","45","0.256","0.365","0.429","0.793","3.14","0.00","$0",""
"","Will Middlebrooks","3B","BOS","75","0.463","70","0.432","267","77","14","0","15","54","0.288","0.325","0.509","0.835","1.31","0.00","$0",""
"","Jarrod Dyson","RF","KC","102","0.630","81","0.500","292","76","8","5","0","9","0.260","0.328","0.322","0.650","1.45","39.13","$0",""
"","Pedro Ciriaco","SS","BOS","76","0.469","68","0.420","259","76","15","2","2","19","0.293","0.315","0.390","0.705","","0.00","$0",""
"","Josh Rutledge","SS","COL","73","0.451","63","0.389","277","76","20","5","8","37","0.274","0.306","0.469","0.775","-0.02","0.00","$0",""
"","Chris Young","RF","ARI","101","0.624","86","0.531","325","75","24","0","14","41","0.231","0.311","0.434","0.745","1.92","38.78","$0",""
"","Skip Schumaker","LF","STL","107","0.661","68","0.420","272","75","14","4","1","28","0.276","0.339","0.368","0.707","0.88","15.76","$0",""
"","Josh Thole","C","NYM","104","0.642","90","0.556","321","75","15","0","1","21","0.234","0.294","0.290","0.584","-0.14","4.01","$0",""
"","Quintin Berry","LF","DET","94","0.580","70","0.432","291","75","10","6","2","29","0.258","0.330","0.354","0.684","0.48","0.00","$0",""
"","Carlos Quentin","LF","SD","86","0.531","77","0.475","284","74","21","0","16","46","0.261","0.374","0.504","0.877","1.62","0.00","$0",""
"","Maicer Izturis","2B","LAA","100","0.617","70","0.432","289","74","11","0","2","20","0.256","0.320","0.315","0.634","0.20","11.55","$0",""
"","Brian Dozier","2B","MIN","84","0.519","81","0.500","316","74","11","1","6","33","0.234","0.271","0.332","0.603","0.67","0.00","$0",""
"","Jonny Gomes","LF","OAK","99","0.611","74","0.457","279","73","10","0","18","47","0.262","0.377","0.491","0.868","1.82","77.08","$0",""
"","Craig Gentry","LF","TEX","122","0.753","66","0.407","240","73","12","3","1","26","0.304","0.367","0.392","0.759","2.70","39.05","$0",""
"","Elliot Johnson","2B","TB","123","0.759","80","0.494","297","72","10","2","6","33","0.242","0.304","0.350","0.654","0.60","17.68","$0",""
"","Alexi Casilla","2B","MIN","106","0.654","84","0.519","299","72","17","2","1","30","0.241","0.282","0.321","0.603","","12.00","$0",""
"","Brian Bogusevic","RF","HOU","146","0.901","82","0.506","355","72","9","2","7","28","0.203","0.297","0.299","0.596","-0.16","9.02","$0",""
"","Justin Maxwell","LF","NYY","124","0.765","77","0.475","315","72","13","3","18","53","0.229","0.304","0.460","0.764","2.21","52.53","$0",""
"","Jesus Guzman","1B","SD","120","0.741","65","0.401","287","71","18","2","9","48","0.247","0.319","0.418","0.737","0.97","26.44","$0",""
"","Kirk Nieuwenhuis","CF","NYM","91","0.562","69","0.426","282","71","12","1","7","28","0.252","0.315","0.376","0.691","0.20","0.00","$0",""
"","Miguel Olivo","C","SEA","87","0.537","80","0.494","315","70","14","0","12","29","0.222","0.239","0.381","0.620","0.39","0.00","$0",""
"","Nyjer Morgan","CF","MIL","122","0.753","66","0.407","289","69","5","3","3","16","0.239","0.302","0.308","0.610","-0.16","5.19","$0",""
"","Casey McGehee","3B","NYY","114","0.704","80","0.494","318","69","16","1","9","41","0.217","0.284","0.358","0.643","-0.66","6.72","$0",""
"","Dee Strange-Gordon","2B","LAD","87","0.537","73","0.451","303","69","9","2","1","17","0.228","0.281","0.281","0.561","-1.19","0.00","$0",""
"","Logan Morrison","DH","MIA","93","0.574","78","0.482","296","68","15","1","11","36","0.230","0.308","0.399","0.707","-0.31","0.00","$0",""
"","D.J. LeMahieu","2B","COL","81","0.500","65","0.401","229","68","12","4","2","22","0.297","0.332","0.410","0.742","1.39","0.00","$15,000,000",""
"","John Buck","C","MIA","106","0.654","103","0.636","343","66","15","1","12","41","0.192","0.297","0.347","0.644","0.68","11.54","$0",""
"","Kevin Frandsen","3B","PHI","55","0.340","49","0.303","195","66","10","3","2","14","0.339","0.383","0.451","0.834","1.61","0.00","$0",""
"","Jordan Schafer","CF","HOU","106","0.654","82","0.506","313","66","10","2","4","23","0.211","0.298","0.294","0.591","-0.67","15.71","$0",""
"","Roger Bernadina","LF","WSH","129","0.796","48","0.296","227","66","11","0","5","25","0.291","0.372","0.405","0.777","0.98","33.00","$0",""
"","Jason Castro","C","HOU","87","0.537","73","0.451","257","66","15","2","6","29","0.257","0.335","0.401","0.735","1.23","0.00","$0",""
"","Alexi Amarista","SS","LAA","106","0.654","64","0.395","275","66","15","5","5","32","0.240","0.282","0.385","0.668","-0.03","13.18","$0",""
"","Josh Donaldson","3B","OAK","75","0.463","74","0.457","274","66","16","0","9","33","0.241","0.289","0.398","0.687","1.45","0.00","$21,000,000",""
"","Daniel Nava","LF","BOS","88","0.543","71","0.438","267","65","21","0","6","33","0.243","0.352","0.390","0.742","1.63","0.00","$0",""
"","Gaby Sanchez","1B","PIT","105","0.648","77","0.475","299","65","16","0","7","30","0.217","0.279","0.341","0.620","-0.92","5.55","$0",""
"","Geovany Soto","C","CHC","99","0.611","93","0.574","324","64","12","1","11","39","0.198","0.270","0.343","0.613","0.13","9.01","$0",""
"","Stephen Drew","2B","OAK","79","0.488","75","0.463","287","64","13","1","7","28","0.223","0.309","0.348","0.657","-0.36","0.00","$0",""
"","Nate McLouth","LF","PIT","89","0.549","62","0.383","266","64","14","1","7","20","0.241","0.314","0.380","0.694","0.88","0.00","$0",""
"","Sean Rodriguez","2B","TB","112","0.691","87","0.537","301","64","14","1","6","32","0.213","0.281","0.326","0.607","1.12","12.83","$0",""
"","Emilio Bonifacio","CF","MIA","64","0.395","64","0.395","244","63","3","4","1","11","0.258","0.330","0.316","0.645","0.40","0.00","$0",""
"","Eric Thames","1B","SEA","86","0.531","70","0.432","271","63","12","3","9","25","0.233","0.273","0.399","0.672","0.00","0.00","$0",""
"","Nate Schierholtz","RF","PHI","114","0.704","52","0.321","241","62","8","5","6","21","0.257","0.321","0.407","0.728","-0.10","10.84","$0",""
"","Martin Maldonado","C","MIL","78","0.482","58","0.358","233","62","9","0","8","30","0.266","0.321","0.408","0.729","1.58","0.00","$4,000,000",""
"","Hector Sanchez","C","SF","74","0.457","49","0.303","218","61","15","0","3","34","0.280","0.295","0.390","0.685","0.80","0.00","$0",""
"","Tony Gwynn Jr.","LF","LAD","103","0.636","57","0.352","259","60","8","4","0","17","0.232","0.276","0.293","0.570","-0.52","3.69","$0",""
"","Lorenzo Cain","CF","KC","61","0.377","55","0.340","222","59","9","2","7","31","0.266","0.316","0.419","0.734","1.65","0.00","$0",""
"","Jonathan Herrera","SS","COL","86","0.531","55","0.340","225","59","9","1","3","12","0.262","0.317","0.351","0.668","-0.37","0.00","$0",""
"","Luis Valbuena","3B","CHC","90","0.556","74","0.457","265","58","20","0","4","28","0.219","0.310","0.340","0.650","0.39","0.00","$0",""
"","Brett Wallace","3B","HOU","66","0.407","59","0.364","229","58","10","1","9","24","0.253","0.323","0.424","0.746","-0.34","0.00","$0",""
"","Josh Harrison","2B","PIT","104","0.642","56","0.346","249","58","9","5","3","16","0.233","0.279","0.345","0.624","-0.12","6.76","$2,000,000",""
"","Ryan Howard","1B","PHI","71","0.438","66","0.407","260","57","11","0","14","56","0.219","0.295","0.423","0.718","-1.17","0.00","$0",""
"","Jose Molina","C","TB","102","0.630","80","0.494","251","56","9","0","8","32","0.223","0.286","0.355","0.640","1.07","10.70","$0",""
"","Michael McKenry","C","PIT","88","0.543","64","0.395","240","56","14","0","12","39","0.233","0.320","0.442","0.762","1.63","0.00","$0",""
"","Eric Young Jr.","CF","COL","98","0.605","28","0.173","174","55","7","2","4","15","0.316","0.377","0.448","0.825","1.81","52.16","$0",""
"","Chris Iannetta","C","LAA","79","0.488","71","0.438","221","53","6","1","9","26","0.240","0.332","0.398","0.730","1.29","0.00","$0",""
"","Ryan Sweeney","CF","BOS","63","0.389","50","0.309","204","53","19","2","0","16","0.260","0.303","0.373","0.675","0.70","0.00","$0",""
"","Troy Tulowitzki","SS","COL","47","0.290","47","0.290","181","52","8","2","8","27","0.287","0.360","0.486","0.846","0.43","0.00","$0",""
"","Chris Getz","2B","KC","64","0.395","55","0.340","189","52","10","3","0","17","0.275","0.312","0.360","0.672","0.48","0.00","$0",""
"","Chris Carter","1B","OAK","67","0.414","59","0.364","218","52","12","0","16","39","0.239","0.350","0.514","0.864","1.16","0.00","$0",""
"","Brayan Pena","C","KC","68","0.420","52","0.321","212","50","10","1","2","25","0.236","0.262","0.321","0.583","-0.62","0.00","$0",""
"","Manny Machado","3B","BAL","51","0.315","51","0.315","191","50","8","3","7","26","0.262","0.294","0.445","0.739","1.60","0.00","$30,000,000",""
"","John McDonald","SS","ARI","70","0.432","51","0.315","197","49","9","0","6","22","0.249","0.295","0.386","0.681","","0.00","$0",""
"","Gerald Laird","C","DET","63","0.389","51","0.315","174","49","8","1","2","11","0.282","0.337","0.374","0.710","","0.00","$0",""
"","Andrelton Simmons","SS","ATL","49","0.303","49","0.303","167","48","8","2","3","19","0.287","0.333","0.413","0.747","2.94","0.00","$0",""
"","Marwin Gonzalez","LF","HOU","80","0.494","48","0.296","205","48","13","0","2","12","0.234","0.280","0.327","0.607","-0.08","0.00","$0",""
"","Ramon Santiago","2B","DET","93","0.574","62","0.383","228","47","7","1","2","17","0.206","0.284","0.272","0.555","-0.75","0.00","$0",""
"","Mike Baxter","LF","NYM","89","0.549","45","0.278","179","47","14","2","3","17","0.263","0.362","0.413","0.775","","0.00","$0",""
"","Jeff Mathis","C","TOR","71","0.438","60","0.370","211","46","13","0","8","27","0.218","0.249","0.393","0.642","0.71","0.00","$0",""
"","John Baker","C","SD","63","0.389","52","0.321","193","46","8","0","0","14","0.238","0.310","0.280","0.590","","0.00","$0",""
"","Justin Turner","3B","NYM","94","0.580","31","0.191","171","46","13","1","2","19","0.269","0.319","0.392","0.711","0.22","0.00","$8,300,000",""
"","Tony Campana","LF","CHC","89","0.549","38","0.235","174","46","6","0","0","5","0.264","0.308","0.299","0.607","","0.00","$0",""
"","Jordany Valdespin","2B","NYM","94","0.580","34","0.210","191","46","9","1","8","26","0.241","0.286","0.424","0.710","","0.00","$0",""
"","Jeff Baker","1B","CHC","83","0.512","48","0.296","188","45","12","1","4","25","0.239","0.279","0.378","0.656","","0.00","$0",""
"","David Ross","C","ATL","62","0.383","47","0.290","176","45","7","0","9","23","0.256","0.321","0.449","0.770","1.02","0.00","$0",""
"","Juan Francisco","1B","ATL","93","0.574","42","0.259","192","45","11","0","9","32","0.234","0.278","0.432","0.710","0.23","0.00","$0",""
"","Welington Castillo","C","CHC","52","0.321","46","0.284","170","45","11","0","5","22","0.265","0.337","0.418","0.754","1.10","0.00","$0",""
"","Domonic Brown","LF","PHI","56","0.346","51","0.315","187","44","11","2","5","26","0.235","0.316","0.396","0.712","-0.84","0.00","$0",""
"","Chris Parmelee","1B","MIN","64","0.395","49","0.303","192","44","9","2","5","19","0.229","0.291","0.375","0.665","-0.65","0.00","$0",""
"","Ronny Cedeno","SS","NYM","78","0.482","42","0.259","166","43","11","1","4","22","0.259","0.332","0.410","0.741","0.37","0.00","$0",""
"","Jayson Nix","2B","NYY","74","0.457","54","0.333","177","43","13","0","4","18","0.243","0.306","0.384","0.690","","0.00","$0",""
"","Johnny Giavotella","2B","KC","53","0.327","46","0.284","181","43","7","1","1","15","0.238","0.270","0.304","0.574","-0.48","0.00","$0",""
"","Freddy Galvis","SS","PHI","58","0.358","49","0.303","190","43","15","1","3","24","0.226","0.254","0.363","0.617","0.67","0.00","$0",""
"","Starling Marte","CF","PIT","47","0.290","39","0.241","167","43","3","6","5","17","0.258","0.300","0.437","0.737","0.96","0.00","$22,000,000",""
"","Shane Robinson","CF","STL","102","0.630","29","0.179","166","42","8","0","3","16","0.253","0.309","0.355","0.665","0.64","5.89","$0",""
"","Derek Norris","C","OAK","60","0.370","55","0.340","209","42","8","1","7","34","0.201","0.276","0.349","0.625","0.98","0.00","$0",""
"","Travis Snider","RF","PIT","60","0.370","41","0.253","164","41","7","1","4","17","0.250","0.319","0.378","0.697","0.17","0.00","$0",""
"","Darin Mastroianni","CF","MIN","77","0.475","41","0.253","163","41","3","2","3","17","0.252","0.328","0.350","0.678","0.94","0.00","$0",""
"","Tyler Pastornicky","SS","ATL","76","0.469","42","0.259","169","41","6","1","2","13","0.243","0.287","0.325","0.613","","0.00","$0",""
"","Tyler Moore","1B","WSH","75","0.463","35","0.216","156","41","9","0","10","29","0.263","0.328","0.513","0.840","-0.11","0.00","$0",""
"","Steve Clevenger","C","CHC","69","0.426","52","0.321","199","40","12","0","1","16","0.201","0.261","0.276","0.537","","0.00","$0",""
"","Franklin Gutierrez","CF","SEA","40","0.247","38","0.235","150","39","10","1","4","17","0.260","0.309","0.420","0.729","0.21","0.00","$0",""
"","Travis Ishikawa","1B","MIL","94","0.580","27","0.167","152","39","12","1","4","30","0.257","0.329","0.428","0.757","","0.00","$0",""
"","Jean Segura","SS","MIL","45","0.278","44","0.272","151","39","4","3","0","14","0.258","0.315","0.325","0.640","0.01","0.00","$6,500,000",""
"","Peter Bourjos","RF","LAA","101","0.624","48","0.296","168","37","7","0","3","19","0.220","0.291","0.315","0.606","1.10","6.66","$0",""
"","Jose Lobaton","C","TB","69","0.426","51","0.315","167","37","10","0","2","20","0.222","0.323","0.317","0.640","-0.13","0.00","$0",""
"","George Kottaras","C","OAK","85","0.525","50","0.309","171","36","6","1","9","31","0.211","0.351","0.415","0.766","","0.00","$0",""
"","Ian Stewart","2B","CHC","55","0.340","49","0.303","179","36","5","2","5","17","0.201","0.292","0.335","0.627","","0.00","$0",""
"","Bobby Wilson","C","LAA","75","0.463","58","0.358","171","36","5","0","3","13","0.211","0.277","0.292","0.569","0.84","0.00","$0",""
"","Ryan Raburn","LF","DET","66","0.407","56","0.346","205","35","14","0","1","12","0.171","0.226","0.254","0.480","-1.92","0.00","$0",""
"","Nick Punto","SS","BOS","87","0.537","36","0.222","160","35","7","0","1","10","0.219","0.321","0.281","0.602","0.42","0.00","$0",""
"","Mike Carp","LF","SEA","59","0.364","48","0.296","164","35","6","0","5","20","0.213","0.312","0.341","0.654","","0.00","$0",""
"","Erik Kratz","C","PHI","50","0.309","38","0.235","141","35","9","0","9","26","0.248","0.306","0.504","0.809","1.44","0.00","$0",""
"","Devin Mesoraco","C","CIN","54","0.333","48","0.296","165","35","8","0","5","14","0.212","0.288","0.352","0.640","-0.39","0.00","$0",""
"","Chris Stewart","C","NYY","55","0.340","46","0.284","141","34","8","0","1","13","0.241","0.292","0.319","0.611","0.88","0.00","$0",""
"","Carl Crawford","LF","BOS","31","0.191","30","0.185","117","33","10","2","3","19","0.282","0.307","0.479","0.785","0.61","0.00","$0",""
"","Ryan Flaherty","3B","BAL","77","0.475","42","0.259","153","33","2","1","6","19","0.216","0.258","0.359","0.617","-0.26","0.00","$0",""
"","Humberto Quintero","C","KC","43","0.265","40","0.247","138","32","12","0","1","19","0.232","0.257","0.341","0.598","","0.00","$0",""
"","Endy Chavez","LF","BAL","64","0.395","34","0.210","158","32","6","0","2","12","0.203","0.236","0.278","0.515","","0.00","$0",""
"","Nick Hundley","C","SD","58","0.358","56","0.346","204","32","7","1","3","22","0.157","0.219","0.245","0.464","-0.58","0.00","$0",""
"","Adeiny Hechavarria","SS","TOR","41","0.253","39","0.241","126","32","8","0","2","15","0.254","0.280","0.365","0.645","0.07","0.00","$0",""
"","Tony Cruz","C","STL","51","0.315","28","0.173","126","32","9","1","1","11","0.254","0.267","0.365","0.632","-0.24","0.00","$0",""
"","Charlie Blackmon","CF","COL","42","0.259","24","0.148","113","32","8","0","2","9","0.283","0.325","0.407","0.732","0.23","0.00","$15,000,000",""
"","Paul Janish","SS","CIN","55","0.340","49","0.303","167","31","6","1","0","9","0.186","0.269","0.234","0.502","-0.18","0.00","$0",""
"","Juan Uribe","3B","LAD","66","0.407","42","0.259","162","31","9","0","2","17","0.191","0.258","0.284","0.542","-0.35","0.00","$0",""
"","Matt Dominguez","3B","HOU","31","0.191","27","0.167","109","31","2","2","5","16","0.284","0.310","0.477","0.787","0.52","0.00","$0",""
"","Chone Figgins","3B","SEA","66","0.407","44","0.272","166","30","5","2","2","11","0.181","0.262","0.271","0.533","","0.00","$0",""
"","Marlon Byrd","LF","BOS","47","0.290","40","0.247","143","30","2","0","1","9","0.210","0.243","0.245","0.488","-0.16","0.00","$0",""
"","Lyle Overbay","1B","ARI","65","0.401","23","0.142","116","30","10","0","2","10","0.259","0.331","0.397","0.727","0.28","0.00","$0",""
"","Pedro Florimon","SS","MIN","43","0.265","42","0.259","137","30","5","2","1","10","0.219","0.272","0.307","0.579","0.86","0.00","$0",""
"","Gorkys Hernandez","CF","MIA","70","0.432","33","0.204","156","30","2","3","3","13","0.192","0.267","0.301","0.569","-0.75","0.00","$0",""
"","Emmanuel Burriss","SS","SF","60","0.370","34","0.210","136","29","1","0","0","7","0.213","0.270","0.221","0.491","-1.13","0.00","$0",""
"","Tyler Flowers","C","CHW","52","0.321","41","0.253","136","29","6","0","7","13","0.213","0.296","0.412","0.708","1.08","0.00","$0",""
"","Danny Valencia","3B","MIN","44","0.272","40","0.247","154","29","6","1","3","21","0.188","0.199","0.299","0.497","-0.13","0.00","$0",""
"","Irving Falu","SS","KC","24","0.148","19","0.117","85","29","6","1","0","7","0.341","0.371","0.435","0.806","0.61","0.00","$0",""
"","Rob Brantly","C","MIA","31","0.191","28","0.173","100","29","8","0","3","8","0.290","0.372","0.460","0.832","0.52","0.00","$0",""
"","Xavier Nady","1B","SF","59","0.364","39","0.241","152","28","6","1","4","13","0.184","0.253","0.316","0.569","","0.00","$0",""
"","Eduardo Escobar","SS","CHW","50","0.309","33","0.204","131","28","4","1","0","9","0.214","0.278","0.260","0.537","0.14","0.00","$9,500,000",""
"","Collin Cowgill","RF","OAK","38","0.235","28","0.173","104","28","2","0","1","9","0.269","0.336","0.317","0.654","0.38","0.00","$0",""
"","Xavier Paul","LF","CIN","55","0.340","13","0.080","86","27","5","1","2","7","0.314","0.379","0.465","0.844","0.26","0.00","$0",""
"","Eduardo Nunez","SS","NYY","38","0.235","25","0.154","89","26","4","1","1","11","0.292","0.330","0.393","0.723","0.39","0.00","$0",""
"","Chris Gimenez","C","TB","42","0.259","31","0.191","100","26","4","0","1","9","0.260","0.315","0.330","0.645","0.51","0.00","$0",""
"","Ryan Wheeler","3B","ARI","50","0.309","23","0.142","109","26","6","1","1","10","0.239","0.294","0.339","0.634","","0.00","$0",""
"","Andrew Brown","LF","COL","46","0.284","28","0.173","112","26","7","0","5","11","0.232","0.302","0.429","0.730","","0.00","$0",""
"","Wil Nieves","C","ARI","32","0.198","19","0.117","83","25","3","0","2","8","0.301","0.330","0.410","0.739","","0.00","$0",""
"","Donnie Murphy","3B","MIA","52","0.321","26","0.161","116","25","6","2","3","12","0.216","0.281","0.379","0.661","","0.00","$0",""
"","Sam Fuld","CF","TB","44","0.272","23","0.142","98","25","3","2","0","5","0.255","0.318","0.327","0.644","0.63","0.00","$0",""
"","Ryan Lavarnway","C","BOS","46","0.284","41","0.253","153","24","8","0","2","12","0.157","0.211","0.248","0.459","-1.62","0.00","$0",""
"","Pete Kozma","SS","STL","26","0.161","22","0.136","72","24","5","3","2","14","0.333","0.383","0.569","0.952","1.16","0.00","$0",""
"","Andy Parrino","3B","SD","55","0.340","31","0.191","116","24","5","0","1","6","0.207","0.316","0.276","0.592","","0.00","$0",""
"","Daric Barton","1B","OAK","46","0.284","33","0.204","113","23","7","0","1","6","0.204","0.338","0.292","0.630","","0.00","$0",""
"","Brett Hayes","C","MIA","39","0.241","31","0.191","114","23","6","0","0","3","0.202","0.229","0.254","0.483","-0.86","0.00","$0",""
"","Adam Rosales","2B","OAK","42","0.259","31","0.191","99","22","5","0","2","8","0.222","0.297","0.333","0.631","0.78","0.00","$0",""
"","Brandon Hicks","2B","OAK","44","0.136","36","0.111","128","22","10","0","6","14","0.172","0.243","0.391","0.633","","0.00","$0",""
"","Ryan Kalish","LF","BOS","36","0.222","26","0.161","96","22","3","0","0","5","0.229","0.272","0.260","0.532","","0.00","$0",""
"","Drew Butera","C","MIN","42","0.259","32","0.198","111","22","6","0","1","5","0.198","0.271","0.279","0.550","0.05","0.00","$0",""
"","Wilson Ramos","C","WSH","25","0.154","24","0.148","83","22","2","0","3","10","0.265","0.354","0.398","0.752","0.32","0.00","$0",""
"","Alex Gonzalez","SS","MIL","24","0.148","24","0.148","81","21","4","0","4","15","0.259","0.326","0.457","0.783","0.18","0.00","$0",""
"","Nolan Reimold","LF","BAL","16","0.099","14","0.086","67","21","6","0","5","10","0.313","0.333","0.627","0.960","0.57","0.00","$0",""
"","Don Kelly","CF","DET","75","0.463","29","0.179","113","21","2","1","1","7","0.186","0.276","0.248","0.523","-0.83","0.00","$0",""
"","Matt Adams","1B","STL","27","0.167","23","0.142","86","21","6","0","2","13","0.244","0.286","0.384","0.669","-0.09","0.00","$0",""
"","Carlos Corporan","C","HOU","27","0.167","22","0.136","78","21","2","0","4","13","0.269","0.310","0.449","0.758","0.44","0.00","$0",""
"","Brett Jackson","LF","CHC","44","0.272","38","0.235","120","21","6","1","4","9","0.175","0.303","0.342","0.644","","0.00","$0",""
"","Jason Giambi","DH","COL","60","0.370","18","0.111","89","20","4","0","1","8","0.225","0.372","0.303","0.675","","0.00","$0",""
"","Dioner Navarro","C","CIN","24","0.148","16","0.099","69","20","3","1","2","12","0.290","0.306","0.449","0.755","0.25","0.00","$0",""
"","Brent Morel","3B","CHW","35","0.216","31","0.191","113","20","2","0","0","5","0.177","0.225","0.195","0.420","-0.46","0.00","$0",""
"","Michael Martinez","2B","PHI","45","0.278","34","0.210","115","20","3","0","2","7","0.174","0.208","0.252","0.461","-0.17","0.00","$0",""
"","Munenori Kawasaki","SS","SEA","61","0.377","29","0.179","104","20","1","0","0","7","0.192","0.257","0.202","0.459","-0.37","0.00","$0",""
"","A.J. Pollock","CF","ARI","31","0.191","19","0.117","81","20","4","1","2","8","0.247","0.315","0.395","0.710","-0.10","0.00","$7,000,000",""
"","Brandon Barnes","CF","HOU","43","0.265","24","0.148","98","20","3","0","1","7","0.204","0.250","0.265","0.515","0.01","0.00","$0",""
"","Brock Holt","2B","PIT","24","0.148","14","0.086","65","19","2","1","0","3","0.292","0.329","0.354","0.682","-0.05","0.00","$0",""
"","Tony Abreu","2B","KC","22","0.136","18","0.111","70","18","2","1","1","15","0.257","0.284","0.357","0.641","","0.00","$0",""
"","Brandon Snyder","3B","TEX","40","0.247","15","0.093","65","18","2","0","3","9","0.277","0.309","0.446","0.755","0.21","0.00","$0",""
"","Mike Leake","SP","CIN","35","0.216","30","0.185","61","18","3","0","2","3","0.295","0.307","0.443","0.749","0.02","41.80","$0",""
"","Eric Sogard","2B","OAK","37","0.228","25","0.154","102","17","3","1","2","7","0.167","0.206","0.275","0.480","-0.11","0.00","$0",""
"","Danny Worth","2B","DET","43","0.265","24","0.148","74","16","3","0","0","3","0.216","0.330","0.257","0.586","-0.24","0.00","$0",""
"","Jason Bourgeois","LF","KC","30","0.185","16","0.099","62","16","2","1","0","5","0.258","0.303","0.323","0.626","","0.00","$0",""
"","Matt Hague","1B","PIT","30","0.185","16","0.099","70","16","2","0","0","7","0.229","0.270","0.257","0.527","-0.37","0.00","$0",""
"","Cole Hamels","SP","PHI","31","0.191","31","0.191","69","15","2","0","1","5","0.217","0.270","0.290","0.560","4.50","79.56","$0",""
"","Jordan Danks","RF","CHW","50","0.309","15","0.093","67","15","1","0","1","4","0.224","0.280","0.284","0.564","","0.00","$0",""
"","Avisail Garcia","RF","DET","23","0.142","11","0.068","47","15","0","0","0","3","0.319","0.373","0.319","0.692","-0.27","0.00","$12,000,000",""
"","Jimmy Paredes","RF","HOU","24","0.148","18","0.111","74","14","1","1","0","3","0.189","0.244","0.230","0.474","-0.68","0.00","$0",""
"","David Lough","RF","KC","20","0.124","14","0.086","59","14","2","1","0","2","0.237","0.292","0.305","0.597","-0.03","0.00","$0",""
"","Matt Cain","RP","SF","35","0.216","32","0.198","74","13","2","0","1","6","0.176","0.197","0.243","0.441","3.85","0.00","$0",""
"","Edwin Jackson","SP","WSH","34","0.210","31","0.191","57","13","0","0","0","0","0.228","0.267","0.228","0.495","2.13","35.24","$0",""
"","Chris Coghlan","LF","MIA","39","0.241","23","0.142","93","13","1","0","1","10","0.140","0.212","0.183","0.394","-1.51","0.00","$0",""
"","Stephen Strasburg","SP","WSH","28","0.173","28","0.173","47","13","4","0","1","7","0.277","0.333","0.426","0.759","3.09","87.60","$23,571,428",""
"","Steve Tolleson","SS","BAL","29","0.179","21","0.130","71","13","3","0","2","6","0.183","0.227","0.310","0.537","-0.28","0.00","$0",""
"","Jordy Mercer","SS","PIT","42","0.259","13","0.080","62","13","5","1","1","5","0.210","0.265","0.371","0.636","0.34","0.00","$0",""
"","Jeff Bianchi","2B","MIL","33","0.204","15","0.093","69","13","2","0","3","9","0.188","0.230","0.348","0.578","0.00","0.00","$0",""
"","Jake Elmore","LF","ARI","30","0.185","15","0.093","68","13","4","0","0","7","0.191","0.247","0.250","0.497","-0.57","0.00","$0",""
"","Tim Hudson","SP","ATL","29","0.179","28","0.173","55","12","3","0","0","6","0.218","0.250","0.273","0.523","1.42","75.59","$0",""
"","Brian Roberts","2B","BAL","17","0.105","17","0.105","66","12","0","0","0","5","0.182","0.233","0.182","0.415","","0.00","$0",""
"","Clayton Kershaw","SP","LAD","34","0.210","33","0.204","58","12","1","0","0","2","0.207","0.230","0.224","0.454","6.43","95.71","$20,000,000",""
"","Jonathan Niese","RP","NYM","30","0.185","30","0.185","55","12","0","0","0","2","0.218","0.295","0.218","0.513","3.29","0.00","$0",""
"","Mat Latos","SP","CIN","33","0.204","33","0.204","65","12","1","0","1","4","0.185","0.229","0.246","0.475","3.44","84.79","$0",""
"","Yovani Gallardo","RP","MIL","33","0.204","33","0.204","67","11","3","0","1","9","0.164","0.164","0.254","0.418","2.90","60.18","$0",""
"","Jason Bartlett","SS","SD","29","0.179","26","0.161","83","11","5","0","0","4","0.133","0.240","0.193","0.432","-0.83","0.00","$0",""
"","R.A. Dickey","SP","NYM","34","0.210","33","0.204","72","11","0","0","0","3","0.153","0.164","0.153","0.317","5.69","97.27","$0",""
"","Jordan Zimmermann","SP","WSH","32","0.198","32","0.198","57","11","2","0","1","4","0.193","0.246","0.281","0.527","4.90","95.69","$0",""
"","Madison Bumgarner","SP","SF","32","0.198","32","0.198","68","11","1","0","2","6","0.162","0.174","0.265","0.439","2.02","87.23","$23,000,000",""
"","Wade Miley","SP","ARI","32","0.198","29","0.179","65","11","2","0","0","2","0.169","0.194","0.200","0.394","3.11","95.81","$3,500,000",""
"","Darin Ruf","1B","PHI","12","0.074","9","0.056","33","11","2","1","3","10","0.333","0.351","0.727","1.079","0.35","0.00","$3,000,000",""
"","Cliff Lee","SP","PHI","33","0.204","30","0.185","64","10","2","0","0","4","0.156","0.169","0.188","0.357","4.35","38.79","$0",""
"","Brett Gardner","LF","NYY","16","0.099","8","0.049","31","10","2","0","0","3","0.323","0.417","0.387","0.804","0.24","0.00","$0",""
"","Jaime Garcia","SP","STL","20","0.124","20","0.124","40","10","1","1","1","3","0.250","0.286","0.400","0.686","0.60","0.00","$0",""
"","Travis Wood","SP","CHC","28","0.173","26","0.161","53","10","3","0","1","4","0.189","0.189","0.302","0.491","1.06","35.25","$0",""
"","Carlos Peguero","LF","SEA","17","0.105","15","0.093","56","10","2","1","2","7","0.179","0.193","0.357","0.550","","0.00","$0",""
"","Jason Marquis","SP","MIN","24","0.148","22","0.136","32","9","3","0","0","1","0.281","0.303","0.375","0.678","-1.08","10.45","$0",""
"","Bronson Arroyo","SP","CIN","32","0.198","32","0.198","63","9","1","0","1","3","0.143","0.154","0.206","0.360","2.86","58.26","$0",""
"","Ricky Nolasco","SP","MIA","31","0.191","31","0.191","56","9","3","0","0","8","0.161","0.217","0.214","0.431","2.27","64.41","$0",""
"","Taylor Teagarden","C","BAL","22","0.136","15","0.093","57","9","3","0","2","9","0.158","0.226","0.316","0.542","","0.00","$0",""
"","Lucas Harrell","RP","HOU","35","0.216","32","0.198","59","9","0","0","0","1","0.153","0.167","0.153","0.319","3.25","0.00","$0",""
"","Ivan De Jesus Jr.","SS","LAD","31","0.191","6","0.037","41","9","3","0","0","4","0.220","0.267","0.293","0.559","-0.30","0.00","$0",""
"","Justin Sellers","SS","LAD","19","0.117","12","0.074","44","9","3","1","1","2","0.205","0.286","0.386","0.672","","0.00","$0",""
"","Scott Van Slyke","LF","LAD","27","0.167","13","0.080","54","9","2","0","2","7","0.167","0.196","0.315","0.511","-0.38","0.00","$0",""
"","Homer Bailey","SP","CIN","34","0.210","33","0.204","70","8","1","0","0","5","0.114","0.127","0.129","0.255","1.89","0.00","$0",""
"","Chad Billingsley","SP","LAD","25","0.154","25","0.154","42","8","1","0","0","2","0.191","0.186","0.214","0.400","1.72","56.28","$0",""
"","Dan Johnson","1B","CHW","14","0.086","5","0.031","22","8","1","0","3","6","0.364","0.548","0.818","1.367","","0.00","$0",""
"","Adam Wainwright","SP","STL","33","0.204","32","0.198","66","8","2","0","1","4","0.121","0.159","0.197","0.356","0.92","74.69","$7,500,000",""
"","Trevor Cahill","RP","ARI","32","0.198","32","0.198","67","8","0","0","0","4","0.119","0.132","0.119","0.252","2.18","66.56","$0",""
"","Jose Iglesias","SS","BOS","25","0.154","23","0.142","68","8","2","0","1","2","0.118","0.200","0.191","0.391","0.30","0.00","$0",""
"","Leonys Martin","CF","TEX","24","0.148","13","0.080","46","8","5","2","0","6","0.174","0.235","0.370","0.605","-0.14","0.00","$0",""
"","Sandy Leon","C","WSH","12","0.074","9","0.056","30","8","2","0","0","2","0.267","0.389","0.333","0.722","0.09","0.00","$0",""
"","Zack Greinke","SP","MIL","37","0.228","34","0.210","33","7","3","0","1","2","0.212","0.206","0.394","0.600","1.47","59.73","$8,500,000",""
"","Jhoulys Chacin","SP","COL","14","0.086","14","0.086","24","7","2","0","0","3","0.292","0.320","0.375","0.695","1.94","0.00","$0",""
"","James McDonald","SP","PIT","33","0.204","29","0.179","49","7","0","0","0","1","0.143","0.263","0.143","0.406","1.06","46.29","$0",""
"","Anthony Recker","C","OAK","22","0.136","14","0.086","49","7","2","0","1","4","0.143","0.263","0.245","0.508","0.12","0.00","$0",""
"","Logan Schafer","LF","MIL","16","0.099","3","0.019","23","7","1","2","0","5","0.304","0.320","0.522","0.842","0.21","0.00","$0",""
"","Eric Stults","SP","SD","20","0.124","15","0.093","28","7","2","0","0","3","0.250","0.250","0.321","0.571","0.18","76.69","$0",""
"","Randy Wolf","SP","MIL","31","0.191","26","0.161","40","6","0","0","0","4","0.150","0.146","0.150","0.296","0.02","6.27","$0",""
"","Kyle Lohse","SP","STL","34","0.210","33","0.204","64","6","1","0","0","3","0.094","0.119","0.109","0.229","4.01","86.24","$0",""
"","Clayton Richard","SP","SD","36","0.222","33","0.204","69","6","2","0","1","7","0.087","0.099","0.159","0.258","0.74","56.99","$0",""
"","Johnny Cueto","SP","CIN","33","0.204","33","0.204","67","6","1","0","0","2","0.090","0.090","0.104","0.194","5.23","96.75","$6,000,000",""
"","Gio Gonzalez","SP","WSH","32","0.198","32","0.198","64","6","1","0","1","4","0.094","0.106","0.156","0.262","5.00","94.28","$0",""
"","Randall Delgado","RP","ATL","18","0.111","17","0.105","25","6","0","0","0","1","0.240","0.240","0.240","0.480","-0.19","0.00","$0",""
"","Jordan Lyles","SP","HOU","26","0.161","25","0.154","38","6","1","0","1","4","0.158","0.180","0.263","0.443","-0.63","25.80","$8,500,000",""
"","Drew Pomeranz","SP","COL","22","0.136","22","0.136","26","6","2","0","1","1","0.231","0.259","0.423","0.682","1.49","19.42","$10,000,000",""
"","Matt Harvey","SP","NYM","10","0.062","10","0.062","18","6","2","0","0","3","0.333","0.333","0.444","0.778","1.61","0.00","$0",""
"","Didi Gregorius","SS","ARI","8","0.049","4","0.025","20","6","0","0","0","2","0.300","0.300","0.300","0.600","0.14","0.00","$0",""
"","Josh Johnson","SP","MIA","31","0.191","31","0.191","53","5","0","0","0","2","0.094","0.127","0.094","0.222","","36.56","$0",""
"","Chris Capuano","RP","LAD","34","0.210","33","0.204","54","5","2","0","0","3","0.093","0.107","0.130","0.237","2.29","0.00","$0",""
"","Kyle Kendrick","SP","PHI","37","0.228","25","0.154","36","5","2","0","0","0","0.139","0.205","0.194","0.400","1.38","38.27","$0",""
"","Kevin Correia","SP","PIT","32","0.198","28","0.173","47","5","0","0","0","0","0.106","0.106","0.106","0.213","0.47","42.18","$0",""
"","Chris Volstad","SP","CHC","21","0.130","21","0.130","28","5","0","0","0","0","0.179","0.179","0.179","0.357","-1.45","0.00","$0",""
"","Brandon Beachy","SP","ATL","14","0.086","13","0.080","27","5","1","0","0","4","0.185","0.241","0.222","0.464","1.98","0.00","$0",""
"","Jeff Samardzija","SP","CHC","31","0.191","28","0.173","50","5","0","0","0","3","0.100","0.167","0.100","0.267","2.27","59.86","$0",""
"","Bud Norris","SP","HOU","30","0.185","29","0.179","50","5","1","0","0","3","0.100","0.115","0.120","0.235","1.51","0.00","$0",""
"","Alex White","RP","COL","28","0.173","20","0.124","28","5","1","0","2","5","0.179","0.172","0.429","0.601","","0.00","$0",""
"","Ryan Vogelsong","SP","SF","31","0.191","31","0.191","54","5","1","0","0","0","0.093","0.155","0.111","0.266","1.92","73.71","$0",""
"","Corey Brown","CF","WSH","19","0.117","2","0.012","25","5","2","0","1","3","0.200","0.231","0.400","0.631","","0.00","$0",""
"","Joe Kelly","RP","STL","29","0.179","16","0.099","33","5","2","0","0","2","0.152","0.152","0.212","0.364","0.60","0.00","$9,000,000",""
"","Mike Olt","3B","TEX","16","0.099","11","0.068","33","5","1","0","0","5","0.152","0.250","0.182","0.432","-0.24","0.00","$0",""
"","Carlos Triunfel","SS","SEA","10","0.062","5","0.031","22","5","2","0","0","3","0.227","0.261","0.318","0.579","","0.00","$0",""
"","Aaron Harang","SP","LAD","31","0.191","31","0.191","56","4","1","0","0","2","0.071","0.071","0.089","0.161","1.84","48.48","$0",""
"","Edinson Volquez","SP","SD","32","0.198","32","0.198","56","4","1","0","0","1","0.071","0.088","0.089","0.177","0.92","39.50","$0",""
"","Wandy Rodriguez","RP","PIT","34","0.210","33","0.204","61","4","0","0","0","2","0.066","0.109","0.066","0.175","","0.00","$0",""
"","Ian Kennedy","SP","ARI","33","0.204","33","0.204","51","4","0","1","0","6","0.078","0.238","0.118","0.356","1.91","72.82","$0",""
"","Joe Blanton","RP","PHI","31","0.191","30","0.185","55","4","0","0","0","1","0.073","0.136","0.073","0.208","0.11","0.00","$0",""
"","Chris Young","RP","NYM","20","0.124","20","0.124","31","4","2","0","0","2","0.129","0.156","0.194","0.350","0.80","0.00","$0",""
"","Paul Maholm","RP","CHC","32","0.198","31","0.191","63","4","0","0","1","3","0.064","0.092","0.111","0.203","","0.00","$0",""
"","Tim Lincecum","RP","SF","33","0.204","33","0.204","45","4","0","0","0","3","0.089","0.196","0.089","0.285","-1.71","0.00","$0",""
"","Barry Zito","SP","SF","32","0.198","32","0.198","53","4","0","0","0","2","0.076","0.170","0.075","0.245","0.07","10.98","$0",""
"","Erik Bedard","SP","PIT","24","0.148","24","0.148","37","4","1","0","0","0","0.108","0.132","0.135","0.267","-0.41","16.91","$0",""
"","A.J. Burnett","SP","PIT","31","0.191","31","0.191","63","4","0","0","0","2","0.064","0.106","0.063","0.170","2.59","50.00","$0",""
"","Shaun Marcum","SP","MIL","22","0.136","21","0.130","38","4","1","0","0","1","0.105","0.171","0.132","0.302","1.23","33.31","$0",""
"","Kris Medlen","SP","ATL","50","0.309","12","0.074","33","4","1","0","0","2","0.121","0.216","0.152","0.368","4.36","93.85","$0",""
"","Mike Minor","RP","ATL","30","0.185","30","0.185","55","4","1","0","0","0","0.073","0.105","0.091","0.196","0.49","43.58","$0",""
"","Dillon Gee","RP","NYM","17","0.105","17","0.105","27","4","2","0","0","1","0.148","0.207","0.222","0.429","0.84","0.00","$0",""
"","Marco Estrada","SP","MIL","29","0.179","23","0.142","40","4","2","0","0","3","0.100","0.143","0.150","0.293","1.44","55.28","$0",""
"","Jerry Sands","LF","BOS","9","0.056","6","0.037","23","4","2","0","0","1","0.174","0.208","0.261","0.469","","0.00","$0",""
"","Anthony Bass","RP","SD","25","0.154","15","0.093","31","4","0","1","0","5","0.129","0.129","0.194","0.323","-0.79","0.00","$3,000,000",""
"","Tyler Chatwood","SP","COL","23","0.142","12","0.074","16","4","1","0","0","1","0.250","0.294","0.313","0.607","0.38","10.06","$0",""
"","Kole Calhoun","RF","LAA","21","0.130","3","0.019","23","4","1","0","0","1","0.174","0.240","0.217","0.457","-0.06","0.00","$0",""
"","Patrick Corbin","SP","ARI","22","0.136","17","0.105","36","4","0","1","0","4","0.111","0.135","0.167","0.302","0.49","47.66","$24,000,000",""
"","Mark Buehrle","SP","MIA","31","0.191","31","0.191","67","3","1","0","0","1","0.045","0.045","0.060","0.104","4.22","58.05","$0",""
"","Anibal Sanchez","RP","DET","31","0.191","31","0.191","30","3","0","1","0","0","0.100","0.129","0.167","0.296","1.30","50.46","$0",""
"","Joe Saunders","SP","ARI","28","0.173","28","0.173","35","3","0","0","0","1","0.086","0.154","0.086","0.240","0.48","44.53","$0",""
"","Johan Santana","SP","NYM","21","0.130","21","0.130","35","3","0","0","0","0","0.086","0.086","0.086","0.171","","1.26","$0",""
"","J.A. Happ","SP","HOU","32","0.198","24","0.148","32","3","0","0","0","1","0.094","0.171","0.094","0.265","0.53","24.13","$0",""
"","Hank Conger","C","LAA","7","0.043","6","0.037","18","3","0","0","0","1","0.167","0.238","0.167","0.405","","0.00","$0",""
"","Vance Worley","RP","PHI","23","0.142","23","0.142","37","3","1","0","0","2","0.081","0.081","0.108","0.189","0.81","0.00","$0",""
"","Michael Fiers","SP","MIL","23","0.142","22","0.136","32","3","0","0","0","2","0.094","0.094","0.094","0.188","1.74","73.92","$0",""
"","Lance Lynn","SP","STL","35","0.216","29","0.179","50","3","0","0","0","1","0.060","0.094","0.060","0.154","1.97","71.90","$18,500,000",""
"","Bryan Anderson","C","STL","10","0.062","2","0.012","12","3","1","0","0","0","0.250","0.357","0.333","0.690","","0.00","$0",""
"","Conor Gillaspie","3B","SF","6","0.037","5","0.031","20","3","1","0","0","2","0.150","0.150","0.200","0.350","-0.50","0.00","$0",""
"","Nathan Eovaldi","SP","MIA","22","0.136","22","0.136","32","3","0","0","0","0","0.094","0.121","0.094","0.215","0.54","47.62","$18,000,000",""
"","Jurickson Profar","LF","TEX","9","0.056","4","0.025","17","3","2","0","1","2","0.177","0.177","0.471","0.647","-0.15","0.00","$0",""
"","Charlie Culberson","3B","COL","6","0.037","5","0.031","22","3","0","0","0","1","0.136","0.136","0.136","0.273","-0.23","0.00","$0",""
"","Jeremy Guthrie","SP","COL","38","0.235","29","0.179","25","2","0","0","0","1","0.080","0.115","0.080","0.195","-0.39","7.03","$0",""
"","Jeff Francis","SP","COL","24","0.148","24","0.148","31","2","0","0","0","0","0.065","0.121","0.065","0.186","1.55","47.65","$0",""
"","Jorge De La Rosa","RP","COL","3","0.019","3","0.019","5","2","0","0","0","1","0.400","0.400","0.400","0.800","-0.57","0.00","$0",""
"","Tom Gorzelanny","RP","WSH","45","0.278","1","0.006","6","2","0","0","0","1","0.333","0.429","0.333","0.762","1.06","0.00","$0",""
"","Matt Garza","SP","CHC","18","0.111","18","0.111","30","2","1","0","0","0","0.067","0.067","0.100","0.167","1.47","23.18","$0",""
"","Jason Vargas","SP","SEA","33","0.204","33","0.204","5","2","0","0","0","1","0.400","0.500","0.400","0.900","3.50","61.02","$0",""
"","Ross Detwiler","SP","WSH","33","0.204","27","0.167","45","2","0","0","0","1","0.044","0.065","0.044","0.110","1.94","68.33","$0",""
"","Colby Lewis","SP","TEX","16","0.099","16","0.099","4","2","0","0","0","2","0.500","0.500","0.500","1.000","1.93","0.00","$0",""
"","Daniel Hudson","RP/CL","ARI","9","0.056","9","0.056","13","2","0","0","0","1","0.154","0.250","0.154","0.404","-0.86","0.00","$6,500,000",""
"","Juan Nicasio","RP","COL","11","0.068","11","0.068","18","2","0","0","0","1","0.111","0.200","0.111","0.311","0.52","0.00","$0",""
"","Vin Mazzaro","RP","KC","18","0.111","6","0.037","4","2","0","0","0","1","0.500","0.500","0.500","1.000","-0.21","0.00","$0",""
"","Adam Moore","C","SEA","4","0.025","3","0.019","11","2","1","0","1","2","0.182","0.250","0.545","0.795","-0.03","0.00","$0",""
"","Reid Brignac","3B","TB","16","0.099","5","0.031","21","2","0","0","0","1","0.095","0.136","0.095","0.232","-0.32","0.00","$0",""
"","Hector Noesi","SP","SEA","22","0.136","18","0.111","4","2","0","0","0","0","0.500","0.500","0.500","1.000","-0.81","3.60","$0",""
"","Joe Wieland","SP","SD","5","0.031","5","0.031","8","2","1","0","0","2","0.250","0.250","0.375","0.625","-0.24","0.00","$0",""
"","Christian Friedrich","SP","COL","17","0.105","16","0.099","25","2","0","0","0","0","0.080","0.179","0.080","0.259","0.16","15.17","$0",""
"","Carlos Torres","RP","COL","32","0.198","0","0.000","9","2","0","0","0","1","0.222","0.300","0.222","0.522","0.40","0.00","$0",""
"","Shelby Miller","RP","STL","6","0.037","1","0.006","3","2","1","0","0","0","0.667","0.667","1.000","1.667","0.48","0.00","$1,500,000",""
"","Ryan Jackson","SS","STL","13","0.080","3","0.019","17","2","0","0","0","0","0.118","0.167","0.118","0.284","-0.21","0.00","$0",""
"","Stephen Fife","SP","LAD","5","0.031","5","0.031","7","2","1","0","0","0","0.286","0.286","0.429","0.714","0.78","0.00","$0",""
"","Dallas Keuchel","SP","HOU","17","0.105","16","0.099","20","2","0","0","0","1","0.100","0.136","0.100","0.236","-0.06","9.40","$0",""
"","Rafael Ortega","CF","COL","2","0.012","1","0.006","4","2","0","0","0","0","0.500","0.667","0.500","1.167","0.11","0.00","$0",""
"","Brooks Raley","RP","CHC","5","0.031","5","0.031","10","2","0","0","0","0","0.200","0.200","0.200","0.400","-0.77","0.00","$4,500,000",""
"","Chris Rusin","RP","CHC","7","0.043","7","0.043","12","2","0","1","0","0","0.167","0.167","0.333","0.500","-0.38","0.00","$0",""
"","Jair Jurrjens","SP","ATL","11","0.068","10","0.062","13","1","0","0","0","0","0.077","0.143","0.077","0.220","-1.43","0.00","$0",""
"","Josh Beckett","SP","BOS","28","0.173","28","0.173","21","1","0","0","0","0","0.048","0.048","0.048","0.095","-0.10","6.37","$0",""
"","Franklin Morales","RP","BOS","37","0.228","9","0.056","2","1","0","0","0","0","0.500","0.500","0.500","1.000","0.45","0.00","$0",""
"","Luke Hochevar","RP","KC","32","0.198","32","0.198","5","1","0","0","0","0","0.200","0.200","0.200","0.400","-1.09","0.00","$0",""
"","Jered Weaver","SP","LAA","30","0.185","30","0.185","2","1","0","0","0","0","0.500","0.667","0.500","1.167","4.29","69.22","$0",""
"","Carlos Villanueva","RP","TOR","38","0.235","16","0.099","2","1","0","0","0","0","0.500","0.500","0.500","1.000","1.32","0.00","$0",""
"","Mike Pelfrey","RP","NYM","3","0.019","3","0.019","6","1","1","0","0","0","0.167","0.167","0.333","0.500","0.81","0.00","$0",""
"","Chien-Ming Wang","RP","WSH","10","0.062","5","0.031","6","1","1","0","0","0","0.167","0.286","0.333","0.619","","0.00","$0",""
"","Santiago Casilla","RP","SF","73","0.451","0","0.000","3","1","0","0","0","1","0.333","0.333","0.333","0.667","0.49","46.54","$0",""
"","Felix Hernandez","SP","SEA","33","0.204","33","0.204","3","1","1","0","0","2","0.333","0.333","0.667","1.000","5.26","85.20","$0",""
"","James Shields","SP","TB","33","0.204","33","0.204","5","1","0","0","0","1","0.200","0.200","0.200","0.400","2.54","79.41","$0",""
"","John Lannan","RP","WSH","6","0.037","6","0.037","9","1","0","0","0","0","0.111","0.200","0.111","0.311","0.34","0.00","$0",""
"","Josh Outman","RP","COL","28","0.173","7","0.043","12","1","0","0","0","1","0.083","0.154","0.083","0.237","-0.77","0.00","$0",""
"","Brad Ziegler","RP","ARI","77","0.475","0","0.000","4","1","0","0","0","0","0.250","0.250","0.250","0.500","1.54","77.14","$0",""
"","Scott Feldman","SP","TEX","29","0.179","21","0.130","4","1","0","0","0","1","0.250","0.250","0.250","0.500","-0.06","20.91","$0",""
"","Bruce Chen","RP","KC","35","0.216","34","0.210","5","1","0","0","0","0","0.200","0.200","0.200","0.400","","0.00","$0",""
"","David Hernandez","RP","ARI","72","0.444","0","0.000","1","1","0","0","0","0","1.000","1.000","1.000","2.000","1.58","74.72","$0",""
"","Brian Matusz","RP","BAL","34","0.210","16","0.099","4","1","0","0","0","0","0.250","0.250","0.250","0.500","-0.04","0.00","$0",""
"","Andrew Cashner","SP","SD","33","0.204","5","0.031","7","1","0","0","0","0","0.143","0.250","0.143","0.393","-0.08","12.52","$0",""
"","Casey Coleman","RP","CHC","17","0.105","1","0.006","3","1","0","0","0","0","0.333","0.333","0.333","0.667","-0.54","0.00","$0",""
"","Esmil Rogers","RP","COL","67","0.414","0","0.000","3","1","0","0","0","0","0.333","0.333","0.333","0.667","1.06","30.26","$0",""
"","Fernando Abad","RP","HOU","37","0.228","6","0.037","7","1","0","0","0","0","0.143","0.143","0.143","0.286","-0.05","0.00","$0",""
"","Ivan Nova","SP","NYY","28","0.173","28","0.173","7","1","0","0","0","0","0.143","0.143","0.143","0.286","0.45","28.54","$0",""
"","Kyle Blanks","LF","SD","4","0.025","1","0.006","5","1","0","0","0","0","0.200","0.333","0.200","0.533","-0.03","0.00","$0",""
"","Wade LeBlanc","RP","MIA","25","0.154","9","0.056","12","1","1","0","0","0","0.083","0.154","0.167","0.321","1.36","40.36","$0",""
"","Wade Davis","RP","TB","54","0.333","0","0.000","2","1","0","0","0","0","0.500","0.500","0.500","1.000","1.51","54.28","$0",""
"","Alexi Ogando","RP","TEX","58","0.358","1","0.006","2","1","0","0","0","0","0.500","0.500","0.500","1.000","1.34","31.90","$0",""
"","Justin Germano","RP","CHC","14","0.086","12","0.074","17","1","0","0","0","0","0.059","0.111","0.059","0.170","","0.00","$0",""
"","Brandon Guyer","RF","TB","3","0.019","2","0.012","7","1","0","0","1","1","0.143","0.143","0.571","0.714","0.10","0.00","$0",""
"","Jerome Williams","RP","LAA","32","0.198","15","0.093","4","1","1","0","0","0","0.250","0.250","0.500","0.750","-0.02","0.00","$0",""
"","Tom Milone","RP","OAK","31","0.191","31","0.191","5","1","0","0","0","2","0.200","0.200","0.200","0.400","2.03","0.00","$0",""
"","Yu Darvish","SP","TEX","29","0.179","29","0.179","3","1","0","0","0","0","0.333","0.333","0.333","0.667","3.47","62.67","$19,000,000",""
"","David Carpenter","RP","BOS","34","0.210","0","0.000","2","1","0","0","0","0","0.500","0.500","0.500","1.000","-0.37","0.00","$0",""
"","Wily Peralta","SP","MIL","6","0.037","5","0.031","11","1","1","0","0","0","0.091","0.091","0.182","0.273","0.94","0.00","$0",""
"","Jeff Locke","RP","PIT","8","0.049","6","0.037","11","1","0","0","0","0","0.091","0.091","0.091","0.182","-0.32","0.00","$0",""
"","Adam Ottavino","RP","COL","53","0.327","0","0.000","9","1","0","0","0","0","0.111","0.111","0.111","0.222","1.04","47.97","$3,750,000",""
"","Tim Federowicz","C","LAD","3","0.019","1","0.006","3","1","0","0","0","0","0.333","0.500","0.333","0.833","-0.01","0.00","$0",""
"","Josh Collmenter","RP","ARI","28","0.173","11","0.068","16","1","0","0","0","2","0.063","0.118","0.063","0.180","1.12","0.00","$0",""
"","Luis Avilan","RP","ATL","31","0.191","0","0.000","3","1","0","0","0","0","0.333","0.333","0.333","0.667","0.73","0.00","$0",""
"","Tyler Cloyd","RP","PHI","6","0.037","6","0.037","11","1","0","0","0","0","0.091","0.286","0.091","0.377","0.00","0.00","$0",""
"","B.J. Rosenberg","RP","PHI","22","0.136","1","0.006","3","1","0","0","0","1","0.333","0.333","0.333","0.667","","0.00","$0",""
"","Chris Herrmann","C","MIN","7","0.043","4","0.025","18","1","0","0","0","1","0.056","0.105","0.056","0.161","-0.33","0.00","$0",""
"","Tyler Thornburg","RP","MIL","8","0.049","3","0.019","5","1","1","0","0","0","0.200","0.200","0.400","0.600","0.17","0.00","$0",""
"","Hernan Perez","LF","DET","2","0.012","0","0.000","2","1","0","0","0","0","0.500","0.500","0.500","1.000","0.02","0.00","$0",""
"","Dan Haren","SP","LAA","31","0.191","30","0.185","4","0","0","0","0","0","0.000","0.000","0.000","0.000","-0.13","13.49","$0",""
"","Clay Buchholz","SP","BOS","29","0.179","29","0.179","2","0","0","0","0","0","0.000","0.000","0.000","0.000","0.48","24.41","$0",""
"","Jon Lester","SP","BOS","33","0.204","33","0.204","5","0","0","0","0","0","0.000","0.000","0.000","0.000","0.24","23.90","$0",""
"","Daisuke Matsuzaka","SP","BOS","11","0.068","11","0.068","2","0","0","0","0","0","0.000","0.000","0.000","0.000","","0.00","$0",""
"","Yusmeiro Petit","RP","SF","1","0.006","1","0.006","1","0","0","0","0","0","0.000","0.000","0.000","0.000","0.02","0.00","$0",""
"","John Danks","SP","CHW","9","0.056","9","0.056","3","0","0","0","0","0","0.000","0.000","0.000","0.000","-0.27","0.00","$0",""
"","Gavin Floyd","RP","CHW","29","0.179","29","0.179","1","0","0","0","0","0","0.000","0.000","0.000","0.000","2.20","0.00","$0",""
"","Jeremy Affeldt","RP","SF","67","0.414","0","0.000","1","0","0","0","0","0","0.000","0.000","0.000","0.000","0.77","39.98","$0",""
"","Matt Belisle","RP","COL","80","0.494","0","0.000","3","0","0","0","0","0","0.000","0.000","0.000","0.000","2.31","66.81","$0",""
"","Justin Verlander","SP","DET","33","0.204","33","0.204","4","0","0","0","0","0","0.000","0.000","0.000","0.000","8.09","94.58","$43,333,333",""
"","C.C. Sabathia","SP","NYY","28","0.173","28","0.173","5","0","0","0","0","0","0.000","0.000","0.000","0.000","3.36","40.63","$0",""
"","Wesley Wright","RP","HOU","78","0.482","0","0.000","2","0","0","0","0","0","0.000","0.000","0.000","0.000","1.16","51.39","$0",""
"","Ervin Santana","SP","LAA","30","0.185","30","0.185","4","0","0","0","0","0","0.000","0.000","0.000","0.000","-1.09","1.69","$0",""
"","Hiroki Kuroda","SP","NYY","33","0.204","33","0.204","2","0","0","0","0","0","0.000","0.000","0.000","0.000","5.27","81.85","$0",""
"","Brad Penny","SP","SF","22","0.136","0","0.000","1","0","0","0","0","0","0.000","0.000","0.000","0.000","-0.79","5.36","$0",""
"","Manny Parra","RP","MIL","62","0.383","0","0.000","1","0","0","0","0","0","0.000","0.000","0.000","0.000","-0.91","9.03","$0",""
"","Phil Hughes","RP","NYY","32","0.198","32","0.198","2","0","0","0","0","0","0.000","0.000","0.000","0.000","1.67","0.00","$0",""
"","Jake Peavy","RP","CHW","32","0.198","32","0.198","5","0","0","0","0","1","0.000","0.000","0.000","0.000","5.02","0.00","$0",""
"","Zach Duke","RP","WSH","8","0.049","0","0.000","1","0","0","0","0","0","0.000","0.000","0.000","0.000","0.45","0.00","$0",""
"","Jason Hammel","SP","BAL","20","0.124","20","0.124","4","0","0","0","0","0","0.000","0.000","0.000","0.000","2.92","0.00","$0",""
"","C.J. Wilson","SP","LAA","34","0.210","34","0.210","5","0","0","0","0","0","0.000","0.167","0.000","0.167","0.97","15.78","$0",""
"","Jamey Wright","RP","LAD","66","0.407","0","0.000","2","0","0","0","0","0","0.000","0.000","0.000","0.000","0.08","46.87","$0",""
"","Max Scherzer","SP","DET","32","0.198","32","0.198","2","0","0","0","0","0","0.000","0.000","0.000","0.000","4.35","75.50","$43,333,333",""
"","Daniel Bard","RP/CL","BOS","17","0.105","10","0.062","2","0","0","0","0","0","0.000","0.000","0.000","0.000","-0.73","0.00","$9,500,000",""
"","Bartolo Colon","SP","OAK","24","0.148","24","0.148","4","0","0","0","0","0","0.000","0.000","0.000","0.000","2.66","84.49","$0",""
"","Rick Porcello","SP","DET","31","0.191","31","0.191","2","0","0","0","0","0","0.000","0.000","0.000","0.000","1.71","62.55","$0",""
"","Burke Badenhop","RP","TB","66","0.407","0","0.000","1","0","0","0","0","0","0.000","0.000","0.000","0.000","0.75","52.82","$0",""
"","Craig Breslow","RP","ARI","63","0.389","0","0.000","3","0","0","0","0","0","0.000","0.000","0.000","0.000","0.75","43.64","$0",""
"","Francisco Liriano","RP","MIN","34","0.210","28","0.173","3","0","0","0","0","0","0.000","0.000","0.000","0.000","0.22","5.85","$0",""
"","Francisco Cervelli","C","NYY","3","0.019","0","0.000","1","0","0","0","0","0","0.000","0.500","0.000","0.500","0.02","0.00","$0",""
"","Luke Gregerson","RP","SD","77","0.475","0","0.000","1","0","0","0","0","0","0.000","0.000","0.000","0.000","1.85","66.10","$0",""
"","Grant Balfour","RP","OAK","75","0.463","0","0.000","1","0","0","0","0","0","0.000","0.000","0.000","0.000","2.26","77.35","$0",""
"","Matt Harrison","SP","TEX","33","0.204","32","0.198","5","0","0","0","0","0","0.000","0.000","0.000","0.000","5.81","94.04","$0",""
"","Derek Holland","SP","TEX","29","0.179","27","0.167","2","0","0","0","0","0","0.000","0.000","0.000","0.000","1.31","0.00","$0",""
"","Brett Cecil","RP","TOR","21","0.130","9","0.056","2","0","0","0","0","0","0.000","0.000","0.000","0.000","-0.38","0.00","$0",""
"","Tim Stauffer","RP","SD","1","0.006","1","0.006","1","0","0","0","0","1","0.000","0.000","0.000","0.000","","0.00","$0",""
"","Jake Arrieta","SP","BAL","24","0.148","18","0.111","3","0","0","0","0","0","0.000","0.250","0.000","0.250","-0.88","12.47","$0",""
"","Felix Doubront","SP","BOS","29","0.179","29","0.179","1","0","0","0","0","0","0.000","0.000","0.000","0.000","-0.11","18.51","$0",""
"","James Russell","RP","CHC","77","0.475","0","0.000","1","0","0","0","0","0","0.000","0.000","0.000","0.000","0.88","61.45","$0",""
"","Chris Sale","SP","CHW","30","0.185","29","0.179","2","0","0","0","0","0","0.000","0.000","0.000","0.000","5.67","96.59","$27,500,000",""
"","Sam LeCure","RP","CIN","48","0.296","0","0.000","1","0","0","0","0","0","0.000","0.500","0.000","0.500","0.76","0.00","$0",""
"","Matt Reynolds","RP","COL","71","0.438","0","0.000","3","0","0","0","0","0","0.000","0.000","0.000","0.000","0.94","17.98","$0",""
"","Kyle Drabek","RP","TOR","13","0.080","13","0.080","2","0","0","0","0","0","0.000","0.000","0.000","0.000","0.14","0.00","$0",""
"","John Axford","RP","MIL","75","0.463","0","0.000","1","0","0","0","0","0","0.000","0.000","0.000","0.000","-1.20","12.61","$0",""
"","Chris Narveson","RP","MIL","2","0.012","2","0.012","3","0","0","0","0","0","0.000","0.000","0.000","0.000","-0.28","0.00","$0",""
"","Fernando Salas","RP","STL","65","0.401","0","0.000","1","0","0","0","0","0","0.000","0.000","0.000","0.000","-0.08","19.37","$0",""
"","Steve Cishek","RP","MIA","68","0.420","0","0.000","1","0","0","0","0","0","0.000","0.000","0.000","0.000","1.19","75.72","$0",""
"","Michael Dunn","RP","MIA","60","0.370","0","0.000","1","0","0","0","0","0","0.000","0.000","0.000","0.000","-0.72","6.18","$0",""
"","Chris Hatcher","RP","MIA","11","0.068","0","0.000","1","0","0","0","0","0","0.000","0.000","0.000","0.000","-0.01","0.00","$0",""
"","Ryan Webb","RP","MIA","65","0.401","0","0.000","1","0","0","0","0","0","0.000","0.000","0.000","0.000","0.45","59.35","$0",""
"","Brian Duensing","RP","MIN","55","0.340","11","0.068","1","0","0","0","0","0","0.000","0.000","0.000","0.000","-1.10","33.20","$0",""
"","Jenrry Mejia","RP","NYM","5","0.031","3","0.019","3","0","0","0","0","1","0.000","0.000","0.000","0.000","-0.05","0.00","$0",""
"","Christopher Leroux","RP","PIT","10","0.062","0","0.000","1","0","0","0","0","0","0.000","0.000","0.000","0.000","","0.00","$0",""
"","Charlie Morton","SP","PIT","9","0.056","9","0.056","13","0","0","0","0","0","0.000","0.000","0.000","0.000","-0.27","0.00","$20,000,000",""
"","Cory Luebke","RP","SD","5","0.031","5","0.031","11","0","0","0","0","0","0.000","0.000","0.000","0.000","0.76","0.00","$0",""
"","Doug Fister","SP","DET","26","0.161","26","0.161","2","0","0","0","0","0","0.000","0.000","0.000","0.000","3.43","88.83","$0",""
"","Jeremy Hellickson","SP","TB","31","0.191","31","0.191","1","0","0","0","0","0","0.000","0.000","0.000","0.000","3.05","63.25","$0",""
"","David Price","SP","TB","31","0.191","31","0.191","4","0","0","0","0","0","0.000","0.200","0.000","0.200","6.63","98.57","$0",""
"","Cesar Ramos","RP","TB","17","0.105","1","0.006","1","0","0","0","0","0","0.000","0.000","0.000","0.000","0.69","0.00","$0",""
"","Ryan Mattheus","RP","WSH","66","0.407","0","0.000","1","0","0","0","0","0","0.000","0.000","0.000","0.000","","34.74","$0",""
"","Craig Stammen","RP","WSH","59","0.364","0","0.000","6","0","0","0","0","0","0.000","0.000","0.000","0.000","2.10","85.46","$0",""
"","Neftali Feliz","RP","TEX","8","0.049","7","0.043","2","0","0","0","0","0","0.000","0.000","0.000","0.000","1.34","0.00","$0",""
"","Tommy Hunter","RP","BAL","33","0.204","20","0.124","2","0","0","0","0","0","0.000","0.000","0.000","0.000","-0.21","0.00","$0",""
"","Nathan Adcock","RP","KC","12","0.074","2","0.012","1","0","0","0","0","0","0.000","0.000","0.000","0.000","","0.00","$0",""
"","Tim Collins","RP","KC","72","0.444","0","0.000","1","0","0","0","0","0","0.000","0.000","0.000","0.000","1.08","35.32","$0",""
"","Alfredo Simon","SP","CIN","36","0.222","0","0.000","4","0","0","0","0","0","0.000","0.000","0.000","0.000","0.81","49.26","$0",""
"","George Kontos","RP","SF","44","0.272","0","0.000","1","0","0","0","0","0","0.000","0.000","0.000","0.000","0.46","0.00","$0",""
"","Chris Archer","SP","TB","8","0.049","4","0.025","3","0","0","0","0","0","0.000","0.000","0.000","0.000","-0.05","0.00","$0",""
"","Brandon Gomes","RP","TB","15","0.093","0","0.000","1","0","0","0","0","1","0.000","0.500","0.000","0.500","","0.00","$0",""
"","Matt Moore","SP","TB","31","0.191","31","0.191","4","0","0","0","0","1","0.000","0.000","0.000","0.000","1.29","0.00","$0",""
"","Henderson Alvarez","SP","TOR","31","0.191","31","0.191","1","0","0","0","0","0","0.000","0.000","0.000","0.000","0.22","29.23","$0",""
"","Jacob Turner","RP","DET","10","0.062","10","0.062","14","0","0","0","0","0","0.000","0.000","0.000","0.000","-0.20","0.00","$0",""
"","Manuel Pina","C","KC","1","0.006","0","0.000","2","0","0","0","0","0","0.000","0.000","0.000","0.000","-0.05","0.00","$4,500,000",""
"","Liam Hendriks","RP/CL","MIN","17","0.105","16","0.099","2","0","0","0","0","0","0.000","0.000","0.000","0.000","-1.02","0.00","$14,000,000",""
"","Anthony Swarzak","RP","MIN","44","0.272","5","0.031","2","0","0","0","0","0","0.000","0.000","0.000","0.000","-0.27","0.00","$0",""
"","Garrett Richards","SP","LAA","30","0.185","9","0.056","2","0","0","0","0","0","0.000","0.000","0.000","0.000","-0.93","10.43","$0",""
"","Jarrod Parker","SP","OAK","29","0.179","29","0.179","6","0","0","0","0","0","0.000","0.000","0.000","0.000","3.86","91.94","$0",""
"","Tyson Ross","SP","OAK","18","0.111","13","0.080","2","0","0","0","0","0","0.000","0.000","0.000","0.000","-1.21","8.23","$0",""
"","Blake Beavan","RP","SEA","26","0.161","26","0.161","2","0","0","0","0","0","0.000","0.000","0.000","0.000","","0.00","$0",""
"","Wei-Yin Chen","SP","BAL","32","0.198","32","0.198","3","0","0","0","0","0","0.000","0.000","0.000","0.000","2.53","47.80","$0",""
"","Julio Teheran","SP","ATL","2","0.012","1","0.006","1","0","0","0","0","0","0.000","0.500","0.000","0.500","-0.11","0.00","$0",""
"","Brad Hand","RP","MIA","1","0.006","1","0.006","1","0","0","0","0","0","0.000","0.000","0.000","0.000","-0.30","0.00","$0",""
"","Josh Stinson","RP","MIL","6","0.037","1","0.006","1","0","0","0","0","0","0.000","0.000","0.000","0.000","","0.00","$0",""
"","Trevor Bauer","SP","ARI","4","0.025","4","0.025","4","0","0","0","0","0","0.000","0.000","0.000","0.000","-0.34","0.00","$0",""
"","Joe Savery","RP","PHI","19","0.117","0","0.000","2","0","0","0","0","0","0.000","0.000","0.000","0.000","","0.00","$0",""
"","Fernando Rodriguez","RP","HOU","71","0.438","0","0.000","3","0","0","0","0","0","0.000","0.000","0.000","0.000","-0.66","8.73","$0",""
"","Jared Hughes","RP","PIT","66","0.407","0","0.000","1","0","0","0","0","0","0.000","0.000","0.000","0.000","0.81","56.26","$0",""
"","Tony Watson","RP","PIT","68","0.420","0","0.000","1","0","0","0","0","0","0.000","0.000","0.000","0.000","0.64","35.85","$0",""
"","Chase d'Arnaud","3B","PIT","8","0.049","1","0.006","6","0","0","0","0","1","0.000","0.000","0.000","0.000","-0.10","0.00","$0",""
"","Maikel Cleto","RP","STL","9","0.056","0","0.000","1","0","0","0","0","0","0.000","0.000","0.000","0.000","-0.22","0.00","$0",""
"","Rex Brothers","RP","COL","75","0.463","0","0.000","2","0","0","0","0","0","0.000","0.000","0.000","0.000","1.42","51.35","$0",""
"","Rhiner Cruz","RP","HOU","52","0.321","0","0.000","1","0","0","0","0","0","0.000","0.000","0.000","0.000","-0.34","4.54","$0",""
"","Dan Otero","RP","SF","12","0.074","0","0.000","1","0","0","0","0","0","0.000","0.000","0.000","0.000","-0.30","0.00","$0",""
"","Erasmo Ramirez","SP","SEA","16","0.099","8","0.049","3","0","0","0","0","0","0.000","0.000","0.000","0.000","0.78","0.00","$1,000,000",""
"","Stephen Vogt","C","TB","18","0.111","4","0.025","25","0","0","0","0","0","0.000","0.074","0.000","0.074","-0.56","0.00","$0",""
"","Robbie Ross","RP","TEX","58","0.358","0","0.000","2","0","0","0","0","0","0.000","0.000","0.000","0.000","1.80","85.85","$0",""
"","Drew Hutchison","RP","TOR","11","0.068","11","0.068","2","0","0","0","0","0","0.000","0.000","0.000","0.000","0.35","0.00","$0",""
"","Jose Quintana","SP","CHW","25","0.154","22","0.136","3","0","0","0","0","0","0.000","0.250","0.000","0.250","2.28","65.30","$13,000,000",""
"","Drew Smyly","SP","DET","23","0.142","18","0.111","1","0","0","0","0","0","0.000","0.000","0.000","0.000","1.71","41.07","$8,000,000",""
"","Dan Jennings","RP","MIA","22","0.136","0","0.000","1","0","0","0","0","0","0.000","0.000","0.000","0.000","0.54","0.00","$0",""
"","Xavier Cedeno","RP","HOU","44","0.272","0","0.000","1","0","0","0","0","0","0.000","0.000","0.000","0.000","0.34","0.00","$0",""
"","Aaron Loup","RP","TOR","33","0.204","0","0.000","1","0","0","0","0","0","0.000","0.000","0.000","0.000","0.64","0.00","$7,500,000",""
"","Tyler Skaggs","SP","ARI","6","0.037","6","0.037","7","0","0","0","0","0","0.000","0.000","0.000","0.000","-0.35","0.00","$0",""
"","Tony Cingrani","RP","CIN","3","0.019","0","0.000","1","0","0","0","0","0","0.000","0.000","0.000","0.000","0.13","0.00","$0",""
"","Todd Redmond","RP","CIN","1","0.006","1","0.006","1","0","0","0","0","0","0.000","0.000","0.000","0.000","","0.00","$0",""
"","Brad Boxberger","RP","SD","24","0.148","0","0.000","1","0","0","0","0","0","0.000","0.000","0.000","0.000","0.12","0.00","$2,000,000",""
"","Miles Mikolas","SP","SD","25","0.154","0","0.000","3","0","0","0","0","0","0.000","0.000","0.000","0.000","0.10","0.00","$15,750,000",""
"","Nick Vincent","RP","SD","27","0.167","0","0.000","1","0","0","0","0","0","0.000","0.000","0.000","0.000","0.89","0.00","$0",""
"","Jeurys Familia","RP","NYM","8","0.049","1","0.006","1","0","0","0","0","0","0.000","0.000","0.000","0.000","-0.08","0.00","$0",""
"","Collin McHugh","SP","NYM","8","0.049","4","0.025","4","0","0","0","0","0","0.000","0.000","0.000","0.000","-0.87","0.00","$5,000,000",""
"","Tom Koehler","RP","MIA","8","0.049","1","0.006","1","0","0","0","0","0","0.000","0.000","0.000","0.000","0.00","0.00","$0",""
"","Clint Robinson","1B","KC","4","0.025","0","0.000","4","0","0","0","0","0","0.000","0.000","0.000","0.000","0.00","0.00","$0",""
"","Tommy Field","2B","COL","2","0.012","0","0.000","2","0","0","0","0","0","0.000","0.333","0.000","0.333","-0.02","0.00","$0",""
"","L.J. Hoes","CF","BAL","2","0.012","0","0.000","1","0","0","0","0","0","0.000","0.000","0.000","0.000","","0.00","$0",""