"RANK","PLAYER (550)","POS","AGE","YOE","B/T","TEAM FROM","TEAM TO","YRS","VALUE","AAV","WAR"
"","","","","","","","","197","$1,452,726,000","$7,374,244",""
"1","George Springer","RF","31.9","6.166","R/R","HOU","TOR","6","$150,000,000","$25,000,000",""
"2","J.T. Realmuto","C","30.4","6.038","R/R","PHI","PHI","5","$115,500,000","$23,100,000",""
"3","Trevor Bauer","SP","30.6","6.158","R/R","CIN","LAD","3","$102,000,000","$34,000,000",""
"4","D.J. LeMahieu","2B/DH","33.1","8.128","R/R","NYY","NYY","6","$90,000,000","$15,000,000",""
"5","Marcell Ozuna","DH/LF","30.8","7.124","R/R","ATL","ATL","4","$65,000,000","$16,250,000",""
"6","Liam Hendriks","RP/CL","32.5","6.164","R/R","OAK","CHW","3","$54,000,000","$18,000,000",""
"7","James McCann","C","31.2","6.028","R/R","CHW","NYM","4","$40,600,000","$10,150,000",""
"8","Justin Turner","3B","36.8","10.045","R/R","LAD","LAD","2","$34,000,000","$17,000,000",""
"9","Michael Brantley","LF","34.2","10.131","L/L","HOU","HOU","2","$32,000,000","$16,000,000",""
"10","Didi Gregorius","SS","31.5","7.159","L/R","PHI","PHI","2","$28,000,000","$14,000,000",""
"11","Jackie Bradley Jr.","CF","31.3","6.150","L/R","BOS","MIL","2","$24,000,000","$12,000,000",""
"12","Jake Odorizzi","SP","31.3","7.042","R/R","MIN","HOU","3","$23,500,000","$7,833,333",""
"13","Taijuan Walker","SP/SP3","29.0","6.142","R/R","TOR","NYM","3","$23,000,000","$7,666,667",""
"14","Jurickson Profar","LF","28.5","6.165","R","SD","SD","3","$21,000,000","$7,000,000",""
"T15","Marcus Stroman","SP/SP1","30.2","6.026","R/R","NYM","NYM","1","$18,900,000","$18,900,000",""
"T15","Kevin Gausman","SP/SP2","30.6","6.151","L/R","SF","SF","1","$18,900,000","$18,900,000",""
"T15","Marcus Stroman","SP/SP1","30.2","6.026","R/R","NYM","NYM","1","$18,900,000","$18,900,000",""
"T15","Kevin Gausman","SP/SP2","30.6","6.151","L/R","SF","SF","1","$18,900,000","$18,900,000",""
"19","Tommy La Stella","2B","32.5","6.057","L/R","OAK","SF","3","$18,750,000","$6,250,000",""
"T20","Kolten Wong","2B","30.8","7.045","L/R","STL","MIL","2","$18,000,000","$9,000,000",""
"T20","Marcus Semien","2B","30.9","6.118","R/R","OAK","TOR","1","$18,000,000","$18,000,000",""
"T20","Mike Minor","SP/SP1","33.7","9.138","R/L","OAK","KC","2","$18,000,000","$9,000,000",""
"T23","Carlos Santana","1B/DH","35.3","10.115","R","CLE","KC","2","$17,500,000","$8,750,000",""
"T23","Blake Treinen","RP","33.1","6.065","R/R","LAD","LAD","2","$17,500,000","$8,750,000",""
"25","Trevor May","RP/CL","31.9","6.012","R/R","MIN","NYM","2","$15,500,000","$7,750,000",""
"26","Charlie Morton","SP/SP2","37.8","12.010","R/R","TB","ATL","1","$15,000,000","$15,000,000",""
"27","Enrique Hernandez","SS/OF","30.0","6.054","R/R","LAD","BOS","2","$14,000,000","$7,000,000",""
"28","Nelson Cruz","DH","41.1","13.082","R/R","MIN","MIN","1","$13,000,000","$13,000,000",""
"29","Pedro Baez","RP","33.4","6.059","R/R","LAD","HOU","2","$12,500,000","$6,250,000",""
"T30","Corey Kluber","SP/SP3","35.3","8.074","R/R","TEX","NYY","1","$11,000,000","$11,000,000",""
"T30","Trevor Rosenthal","RP","31.2","7.001","R/R","SD","OAK","1","$11,000,000","$11,000,000",""
"T30","Drew Smyly","SP","32.2","8.143","L/L","SF","ATL","1","$11,000,000","$11,000,000",""
"T33","Andrelton Simmons","SS","31.9","8.122","R/R","LAA","MIN","1","$10,500,000","$10,500,000",""
"T33","Brad Hand","RP","31.4","7.092","L/L","CLE","WSH","1","$10,500,000","$10,500,000",""
"T35","Kyle Schwarber","LF","28.4","5.086","L/R","CHC","WSH","1","$10,000,000","$10,000,000",""
"T35","Garrett Richards","SP","33.2","8.148","R/R","SD","BOS","1","$10,000,000","$10,000,000",""
"T35","Robbie Grossman","RF","31.9","6.060","L","OAK","DET","2","$10,000,000","$5,000,000",""
"38","Yadier Molina","C","39.1","16.123","R/R","STL","STL","1","$9,000,000","$9,000,000",""
"39","James Paxton","SP/SP2","32.8","6.151","L/L","NYY","SEA","1","$8,500,000","$8,500,000",""
"T40","Jose Quintana","SP/SP1","32.6","8.133","R/L","CHC","LAA","1","$8,000,000","$8,000,000",""
"T40","Adam Eaton","RF","32.7","8.030","L/L","WSH","CHW","1","$8,000,000","$8,000,000",""
"T40","Robbie Ray","SP/SP1","29.8","6.007","L/L","TOR","TOR","1","$8,000,000","$8,000,000",""
"T40","Eddie Rosario","LF","29.8","5.120","L/R","MIN","CLE","1","$8,000,000","$8,000,000",""
"T40","J.A. Happ","SP","38.8","12.047","L/L","NYY","MIN","1","$8,000,000","$8,000,000",""
"T40","Adam Wainwright","SP/SP1","39.9","15.027","R/R","STL","STL","1","$8,000,000","$8,000,000",""
"T46","Ken Giles","RP","30.9","6.113","R/R","TOR","SEA","2","$7,000,000","$3,500,000",""
"T46","Joc Pederson","LF","29.3","6.028","L/L","LAD","CHC","1","$7,000,000","$7,000,000",""
"T46","Jason Castro","C/DH","34.2","10.104","L/R","SD","HOU","2","$7,000,000","$3,500,000",""
"T49","Chris Archer","SP","32.9","7.156","R/R","PIT","TB","1","$6,500,000","$6,500,000",""
"T49","Kevin Pillar","CF","32.6","6.113","R/R","COL","NYM","2","$6,500,000","$3,250,000",""
"51","Alex Colomé","RP","32.6","6.118","R/R","CHW","MIN","1","$6,250,000","$6,250,000",""
"T52","Anthony DeSclafani","SP","31.3","6.062","R/R","CIN","SF","1","$6,000,000","$6,000,000",""
"T52","Archie Bradley","RP","29.0","5.112","R/R","CIN","PHI","1","$6,000,000","$6,000,000",""
"T52","Jake Arrieta","SP/SP1","35.4","9.145","R/R","PHI","CHC","1","$6,000,000","$6,000,000",""
"55","Kirby Yates","RP","34.4","6.021","L/R","SD","TOR","1","$5,500,000","$5,500,000",""
"56","Tommy Kahnle","RP","32.0","5.130","R/R","NYY","LAD","2","$5,250,000","$2,625,000",""
"T57","Justin Wilson","RP","34.0","8.035","L/L","NYM","NYY","2","$5,150,000","$2,575,000",""
"T57","Brett Gardner","LF/CF","38.0","12.072","L/L","NYY","NYY","2","$5,150,000","$2,575,000",""
"T59","Adam Duvall","RF","32.9","4.151","R/R","ATL","MIA","1","$5,000,000","$5,000,000",""
"T59","Jon Lester","SP","37.6","14.075","L/L","CHC","WSH","1","$5,000,000","$5,000,000",""
"T59","Anthony Bass","RP","33.8","6.010","R/R","TOR","MIA","2","$5,000,000","$2,500,000",""
"T59","César Hernández","2B","31.2","6.154","R","CLE","CLE","1","$5,000,000","$5,000,000",""
"T59","Jake McGee","RP/SU8","35.0","9.127","L/L","LAD","SF","2","$5,000,000","$2,500,000",""
"64","Jonathan Schoop","2B/SS","29.8","7.027","R/R","DET","DET","1","$4,500,000","$4,500,000",""
"65","Chase Anderson","SP","33.7","6.146","R/R","TOR","PHI","1","$4,000,000","$4,000,000",""
"66","Jonathan Villar","SS/3B","30.2","6.113","R","TOR","NYM","1","$3,550,000","$3,550,000",""
"T67","Joakim Soria","RP/CL","37.2","14.000","R/R","OAK","ARI","1","$3,500,000","$3,500,000",""
"T67","Michael Fiers","SP","36.2","7.085","R/R","OAK","OAK","1","$3,500,000","$3,500,000",""
"T67","Brad Miller","LF/2B","31.8","7.004","L/R","PHI","PHI","1","$3,500,000","$3,500,000",""
"70","José Ureña","SP/RP","29.9","5.040","R/R","MIA","DET","1","$3,250,000","$3,250,000",""
"71","Hunter Renfroe","RF","29.5","3.165","R/R","TB","BOS","1","$3,100,000","$3,100,000",""
"T72","Mike Zunino","C","30.4","6.165","R/R","TB","TB","1","$3,000,000","$3,000,000",""
"T72","Carlos Rodon","SP","28.7","5.168","L/L","CHW","CHW","1","$3,000,000","$3,000,000",""
"T72","Mark Melancon","RP","36.3","10.098","R/R","ATL","SD","1","$3,000,000","$3,000,000",""
"T72","Tyler Chatwood","RP","31.7","9.039","R/R","CHC","TOR","1","$3,000,000","$3,000,000",""
"T72","Tony Watson Minor","RP","36.2","9.101","L/L","","PHI","1","$3,000,000","$3,000,000",""
"T72","Marwin Gonzalez","3B","32.4","8.133","R","MIN","BOS","1","$3,000,000","$3,000,000",""
"T72","Michael Wacha","SP/SP5","30.1","7.062","R/R","NYM","TB","1","$3,000,000","$3,000,000",""
"T72","Julio Teherán Minor","SP","30.5","8.062","R/R","","DET","1","$3,000,000","$3,000,000",""
"T72","Alex Wood","SP/SP3","30.6","7.123","R/L","LAD","SF","1","$3,000,000","$3,000,000",""
"T72","Brandon Kintzler Minor","RP","37.0","9.003","R/R","","PHI","1","$3,000,000","$3,000,000",""
"T72","Aaron Loup","RP","33.7","8.040","L/L","TB","NYM","1","$3,000,000","$3,000,000",""
"T83","Andrew Chafin","RP/CL","31.2","6.020","R/L","CHC","CHC","1","$2,750,000","$2,750,000",""
"T83","Greg Holland","RP","35.8","8.163","R/R","KC","KC","1","$2,750,000","$2,750,000",""
"85","David Dahl","OF","27.3","3.162","L/R","COL","TEX","1","$2,700,000","$2,700,000",""
"86","Yusmeiro Petit","RP","36.8","10.016","R/R","OAK","OAK","1","$2,550,000","$2,550,000",""
"T87","Trevor Williams","RP","29.3","4.027","R/R","PIT","CHC","1","$2,500,000","$2,500,000",""
"T87","Brett Anderson","SP","33.5","11.135","L/L","MIL","MIL","1","$2,500,000","$2,500,000",""
"T87","Rich Hill","SP","41.4","11.127","L/L","MIN","TB","1","$2,500,000","$2,500,000",""
"T90","Tyler Clippard","RP","36.5","11.134","R/R","MIN","ARI","1","$2,250,000","$2,250,000",""
"T90","Steve Cishek Minor","RP","35.2","9.143","R/R","","HOU","1","$2,250,000","$2,250,000",""
"T90","Dominic Leone Minor","RP","29.8","5.043","R/R","","SF","1","$2,250,000","$2,250,000",""
"T90","Mitch Moreland","1B/DH","35.9","10.067","L/L","SD","OAK","1","$2,250,000","$2,250,000",""
"94","Ian Kennedy Minor","RP","36.7","11.124","R/R","","TEX","1","$2,150,000","$2,150,000",""
"95","Matt Andriese","RP","31.9","5.071","R/R","LAA","BOS","1","$2,100,000","$2,100,000",""
"T96","Mike Foltynewicz","SP/SP3","29.8","4.156","R/R","ATL","TEX","1","$2,000,000","$2,000,000",""
"T96","Hansel Robles","RP","31.0","5.119","R/R","LAA","MIN","1","$2,000,000","$2,000,000",""
"T96","Wilson Ramos","C","34.0","10.047","R/R","NYM","DET","1","$2,000,000","$2,000,000",""
"T96","Matt Shoemaker","SP/SP5","34.8","6.166","R/R","TOR","MIN","1","$2,000,000","$2,000,000",""
"T96","Sergio Romo","RP","38.4","12.097","R/R","MIN","OAK","1","$2,000,000","$2,000,000",""
"101","Joe Panik Minor","2B","30.8","6.100","L/R","","TOR","1","$1,850,000","$1,850,000",""
"T102","Jeff Mathis","C","38.3","14.012","R/R","TEX","PHI","1","$1,800,000","$1,800,000",""
"T102","Matt Bowman Minor","RP","30.2","4.021","R/R","","NYY","2","$1,800,000","$900,000",""
"T102","Collin McHugh","RP","34.2","6.085","R/R","BOS","TB","1","$1,800,000","$1,800,000",""
"T105","Danny Santana","OF/2B","30.8","5.140","R","TEX","BOS","1","$1,750,000","$1,750,000",""
"T105","Michael Taylor","CF","30.4","5.129","R/R","WSH","KC","1","$1,750,000","$1,750,000",""
"T105","Nomar Mazara","RF","26.3","5.000","L/L","CHW","DET","1","$1,750,000","$1,750,000",""
"T105","Asdrubal Cabrera","2B","35.8","13.027","R","WSH","ARI","1","$1,750,000","$1,750,000",""
"T105","David Phelps","RP","34.8","8.156","R/R","PHI","TOR","1","$1,750,000","$1,750,000",""
"T105","Brock Holt Minor","2B","33.2","7.052","L/R","","TEX","1","$1,750,000","$1,750,000",""
"111","Hanser Alberto Minor","2B","28.8","4.085","R/R","","KC","1","$1,650,000","$1,650,000",""
"T112","Brandon Drury Minor","DH/3B","29.0","4.096","R/R","","NYM","1","$1,550,000","$1,550,000",""
"T112","Brandon Drury Minor","DH/3B","29.0","4.096","R/R","","NYM","1","$1,550,000","$1,550,000",""
"T114","Sean Doolittle","RP","34.9","8.122","L/L","WSH","CIN","1","$1,500,000","$1,500,000",""
"T114","Ehire Adrianza Minor","SS","32.0","6.131","R","","ATL","1","$1,500,000","$1,500,000",""
"T114","Wily Peralta Minor","RP","32.2","5.166","R/R","","DET","1","$1,500,000","$1,500,000",""
"T114","Jake Marisnick","CF","30.3","6.132","R/R","NYM","CHC","1","$1,500,000","$1,500,000",""
"T114","Tyler Flowers Minor","C","35.6","9.148","R/R","","ATL","1","$1,500,000","$1,500,000",""
"T114","Tyler Naquin Minor","LF/DH","30.3","4.032","L/R","","CIN","1","$1,500,000","$1,500,000",""
"T114","Ben Gamel Minor","RF","29.2","4.029","L/L","","CLE","1","$1,500,000","$1,500,000",""
"T114","Curt Casali","C","32.8","4.151","R/R","CIN","SF","1","$1,500,000","$1,500,000",""
"T114","Kurt Suzuki","","37.8","13.112","R/R","WSH","LAA","1","$1,500,000","$1,500,000",""
"T114","Jed Lowrie Minor","2B","37.3","12.111","R","","OAK","1","$1,500,000","$1,500,000",""
"T114","Freddy Galvis","SS","31.8","8.021","R","CIN","BAL","1","$1,500,000","$1,500,000",""
"T114","Chasen Shreve Minor","RP/SU7","31.1","5.012","L/L","","PIT","1","$1,500,000","$1,500,000",""
"T114","Alex Avila","C","34.5","11.061","L/R","MIN","WSH","1","$1,500,000","$1,500,000",""
"T114","Austin Romine","C","32.8","7.044","R/R","DET","CHC","1","$1,500,000","$1,500,000",""
"T114","Charlie Culberson Minor","3B","32.3","5.051","R/R","","TEX","1","$1,500,000","$1,500,000",""
"T114","Travis Shaw Minor","1B/3B","31.3","5.053","L/R","","MIL","1","$1,500,000","$1,500,000",""
"T114","Todd Frazier Minor","3B","35.5","9.071","R/R","","PIT","1","$1,500,000","$1,500,000",""
"T114","Trevor Cahill","SP","33.4","11.056","R/R","SF","PIT","1","$1,500,000","$1,500,000",""
"T114","Jarrod Dyson","CF","37.0","9.088","L/R","CHW","KC","1","$1,500,000","$1,500,000",""
"T114","Francisco Liriano Minor","RP","37.8","13.104","L/L","","TOR","1","$1,500,000","$1,500,000",""
"T114","Matt Joyce Minor","LF","37.0","11.123","L/R","","PHI","1","$1,500,000","$1,500,000",""
"T114","Wily Peralta Minor","RP","32.2","5.166","R/R","","DET","1","$1,500,000","$1,500,000",""
"T114","Tyler Flowers Minor","C","35.6","9.148","R/R","","ATL","1","$1,500,000","$1,500,000",""
"T137","Jay Bruce Minor","RF/RF","34.3","12.125","L/L","","NYY","1","$1,350,000","$1,350,000",""
"T137","Tim Beckham Minor","3B","31.5","5.101","R/R","","CHW","1","$1,350,000","$1,350,000",""
"T139","Juan Lagares Minor","CF","32.4","7.005","R/R","","LAA","1","$1,250,000","$1,250,000",""
"T139","Sandy León Minor","C","32.4","6.144","R","","MIA","1","$1,250,000","$1,250,000",""
"T139","Albert Almora","CF","27.3","4.012","R/R","CHC","NYM","1","$1,250,000","$1,250,000",""
"T139","Jerry Blevins Minor","RP","37.9","10.064","L/L","","NYM","1","$1,250,000","$1,250,000",""
"T139","Jimmy Nelson Minor","RP","32.2","6.107","R/R","","LAD","1","$1,250,000","$1,250,000",""
"T139","Jeremy Jeffress Minor","RP","33.9","7.090","R/R","","WSH","1","$1,250,000","$1,250,000",""
"T139","Josh Tomlin","RP","36.8","10.033","R/R","ATL","ATL","1","$1,250,000","$1,250,000",""
"146","Keone Kela","RP","28.3","6.000","R/R","PIT","SD","1","$1,200,000","$1,200,000",""
"T147","Chaz Roe","RP","34.8","5.094","R/R","TB","TB","1","$1,150,000","$1,150,000",""
"T147","Matt Wisler","RP","28.9","4.042","R/R","MIN","SF","1","$1,150,000","$1,150,000",""
"149","Álex Claudio","RP","29.5","5.114","L/L","MIL","LAA","1","$1,125,000","$1,125,000",""
"T150","Chi Chi Gonzalez Minor","SP","29.6","2.149","R/R","","COL","1","$1,100,000","$1,100,000",""
"T150","Ryne Stanek","RP","30.1","3.038","R/R","MIA","HOU","1","$1,100,000","$1,100,000",""
"T150","Jon Jay Minor","RF","36.4","10.134","L/L","","LAA","1","$1,100,000","$1,100,000",""
"T153","Pablo Sandoval Minor","3B","35.0","12.042","R","","ATL","1","$1,000,000","$1,000,000",""
"T153","Brandon Workman","RP","33.0","6.051","R/R","PHI","CHC","1","$1,000,000","$1,000,000",""
"T153","Greg Bird Minor","1B","28.8","4.053","L/R","","COL","1","$1,000,000","$1,000,000",""
"T153","Wilmer Difo Minor","SS","29.3","3.146","R","","PIT","1","$1,000,000","$1,000,000",""
"T153","Gerardo Parra Minor","RF","34.2","10.145","L/L","","WSH","1","$1,000,000","$1,000,000",""
"T153","Chris Devenski","RP","30.8","5.000","R/R","HOU","ARI","1","$1,000,000","$1,000,000",""
"T153","Jose Martinez Minor","1B","33.1","4.002","R/R","","NYM","1","$1,000,000","$1,000,000",""
"T153","Cole Hamels","SP/SP2","37.6","14.143","L/L","ATL","LAD","1","$1,000,000","$1,000,000",""
"T153","Gio Gonzalez Minor","SP/SP4","35.9","11.146","R/L","","MIA","1","$1,000,000","$1,000,000",""
"T153","Eric Sogard Minor","3B/SS","35.2","8.134","L/R","","CHC","1","$1,000,000","$1,000,000",""
"T153","Felix Hernandez","SP","35.3","14.060","R/R","ATL","BAL","1","$1,000,000","$1,000,000",""
"T153","Ryan Zimmerman","1B","36.8","14.032","R/R","WSH","WSH","1","$1,000,000","$1,000,000",""
"T153","Matt Duffy","3B","30.6","5.059","R/R","NYY","CHC","1","$1,000,000","$1,000,000",""
"T153","Bryan Shaw Minor","RP","33.8","8.148","R","","CLE","1","$1,000,000","$1,000,000",""
"T153","Matt Harvey Minor","SP","32.3","7.127","R/R","","BAL","1","$1,000,000","$1,000,000",""
"T153","Jordy Mercer Minor","SS","34.9","7.156","R/R","","WSH","1","$1,000,000","$1,000,000",""
"T153","Brian Goodwin Minor","RF","30.8","4.019","L/R","","CHW","1","$1,000,000","$1,000,000",""
"T153","A.J. Cole Minor","RP","29.6","3.124","R/R","","TOR","1","$1,000,000","$1,000,000",""
"T153","Héctor Rondón Minor","RP","33.5","8.000","R/R","","BOS","1","$1,000,000","$1,000,000",""
"T153","Steve Cishek","RP","35.2","9.143","R/R","HOU","LAA","1","$1,000,000","$1,000,000",""
"T153","Tony Watson","RP","36.2","9.101","L/L","PHI","LAA","1","$1,000,000","$1,000,000",""
"T153","Pablo Sandoval Minor","3B","35.0","12.042","R","","ATL","1","$1,000,000","$1,000,000",""
"T153","Greg Bird Minor","1B","28.8","4.053","L/R","","COL","1","$1,000,000","$1,000,000",""
"T153","Wilmer Difo Minor","SS","29.3","3.146","R","","PIT","1","$1,000,000","$1,000,000",""
"T153","Gerardo Parra Minor","RF","34.2","10.145","L/L","","WSH","1","$1,000,000","$1,000,000",""
"178","Abraham Almonte","CF","32.1","4.059","R","SD","ATL","1","$990,000","$990,000",""
"T179","Luis Avilan Minor","RP","32.1","7.077","L/L","","WSH","1","$950,000","$950,000",""
"T179","Welington Castillo Minor","C","34.3","7.104","R/R","","WSH","1","$950,000","$950,000",""
"181","Ryan Buchter Minor","RP","34.5","4.085","L/L","","ARI","1","$925,000","$925,000",""
"T182","Adam Morgan Minor","RP","31.4","5.017","L/L","","CHC","1","$900,000","$900,000",""
"T182","Nick Williams Minor","RF","27.9","2.036","L/L","","CHW","1","$900,000","$900,000",""
"T182","Daniel Robertson","SS","27.4","3.029","R/R","SF","MIL","1","$900,000","$900,000",""
"185","Ross Detwiler","RP","35.4","8.011","R/L","CHW","MIA","1","$850,000","$850,000",""
"T186","Ronald Torreyes Minor","2B","28.9","3.006","R/R","","PHI","1","$800,000","$800,000",""
"T186","Drew Steckenrider Minor","RP","30.6","3.094","R/R","","SEA","1","$800,000","$800,000",""
"T186","John Brebbia","RP/SU8","31.2","3.092","L/R","STL","SF","1","$800,000","$800,000",""
"T186","Keynan Middleton","RP","27.9","3.089","R/R","LAA","SEA","1","$800,000","$800,000",""
"T186","Maikel Franco","3B","29.0","5.157","R/R","KC","BAL","1","$800,000","$800,000",""
"T186","Ryan Tepera","RP","33.8","5.008","R/R","CHC","CHC","1","$800,000","$800,000",""
"T186","Jhoulys Chacin Minor","SP","33.6","9.087","R/R","","NYY","1","$800,000","$800,000",""
"T186","Pedro Strop Minor","RP","36.2","9.095","R/R","","CHC","1","$800,000","$800,000",""
"T186","Ronald Torreyes Minor","2B","28.9","3.006","R/R","","PHI","1","$800,000","$800,000",""
"195","Oliver Drake","RP","34.6","4.045","R/R","TB","TB","1","$775,000","$775,000",""
"T196","Andrew Albers Minor","RP","35.8","0.160","R/L","","MIN","1","$750,000","$750,000",""
"T196","Jonathan Holder","RP","28.2","3.124","R/R","NYY","CHC","1","$750,000","$750,000",""
"T196","Junior Guerra Minor","RP","36.6","4.155","R/R","","LAA","1","$750,000","$750,000",""
"T196","Sam McWilliams","RP","25.9","","R/R","TB","NYM","1","$750,000","$750,000",""
"T200","Kohl Stewart","SP/SP4","26.8","1.065","R/R","BAL","CHC","1","$700,000","$700,000",""
"T200","Jimmy Herget","RP","27.9","1.033","R/R","TEX","TEX","1","$700,000","$700,000",""
"T202","Carlos Pérez Minor","C","30.8","2.164","R/R","","OAK","1","$650,000","$650,000",""
"T202","Brian O'Grady","LF","29.2","0.073","L/R","TB","SD","1","$650,000","$650,000",""
"T204","Edgar Garcia Minor","RP","24.8","0.145","R/R","","CIN","1","$600,000","$600,000",""
"T204","Francisco Pena Minor","C","31.8","2.009","R/R","","OAK","1","$600,000","$600,000",""
"T204","Edgar Garcia Minor","RP","24.8","0.145","R/R","","CIN","1","$600,000","$600,000",""
"T204","Francisco Pena Minor","C","31.8","2.009","R/R","","OAK","1","$600,000","$600,000",""
"208","Scott Heineman","OF","28.7","1.116","R/R","TEX","TEX","1","$595,000","$595,000",""
"T209","Sam Clay","RP","28.2","","L/L","MIN","WSH","1","$575,000","$575,000",""
"T209","Michael Hermosillo Minor","CF","26.6","1.016","R/R","","CHC","1","$575,000","$575,000",""
"T209","Sam Clay","RP","28.2","","L/L","MIN","WSH","1","$575,000","$575,000",""
"T212","Albert Pujols","DH/1B","41.6","20.000","R/R","LAA","LAD","1","$570,500","$570,500",""
"T212","Joe Gatto","RP","26.2","","R/R","LAA","TEX","1","$570,500","$570,500",""
"T214","Caleb Joseph Minor","C","35.2","5.051","R/R","","SEA","0","$0","",""
"T214","Maikel Franco Minor","3B","29.0","5.157","R/R","","ATL","0","$0","",""
"T214","Arodys Vizcaino Minor","RP","30.8","6.168","R/R","","NYM","0","$0","",""
"T214","Dee Strange-Gordon Minor","2B/CF","33.3","8.154","L/R","","PIT","0","$0","",""
"T214","Josh Reddick Minor","RF","34.5","10.050","L/R","","NYM","0","$0","",""
"T214","Ivan Nova Minor","SP/SP3","34.6","10.024","R/R","","COL","0","$0","",""
"T214","René Rivera","C","38.0","8.107","R/R","CLE","WSH","0","$0","",""
"T214","Logan Forsythe Minor","2B/3B","34.6","9.113","R/R","","MIL","0","$0","",""
"T214","Brad Brach Minor","RP","35.3","8.063","R/R","","CIN","0","$0","",""
"T214","Shane Greene","RP","32.8","6.075","R/R","ATL","LAD","0","$0","",""
"T214","Pete Kozma Minor","SS/2B","33.3","3.094","R/R","","OAK","0","$0","",""
"T214","Tanner Roark Minor","SP","34.8","7.055","R/R","","ATL","0","$0","",""
"T214","Drew Hutchison Minor","SP","31.0","4.130","L/R","","DET","0","$0","",""
"T214","Nate Jones Minor","RP","35.5","9.000","R/R","","LAD","0","$0","",""
"T214","Anthony Swarzak Minor","RP","35.9","8.024","R/R","","KC","0","$0","",""
"T214","Ender Inciarte Minor","CF","30.8","6.157","L/L","","CIN","0","$0","",""
"T214","Jonathan Lucroy Minor","C","35.2","9.164","R/R","","MIL","0","$0","",""
"T214","René Rivera Minor","C","38.0","8.107","R/R","","CLE","0","$0","",""
"T214","Yasmany Tomas Minor","LF/OF","30.8","3.009","R/R","","WSH","0","$0","",""
"T214","Vinny Nittoli Minor","RP","30.8","","R/R","","MIN","0","$0","",""
"T214","Roenis Elias Minor","RP","33.0","5.069","L/L","","SEA","0","$0","",""
"T214","David Freitas Minor","C","32.4","1.026","R/R","","TB","0","$0","",""
"T214","Matt Koch Minor","RP","30.8","0.141","L/R","","CLE","0","$0","",""
"T214","Mike Kickham Minor","RP","32.7","0.165","L/L","","LAD","0","$0","",""
"T214","Gregory Polanco Minor","RF","29.9","6.103","L/L","","TOR","0","$0","",""
"T214","Josh Rogers Minor","SP/SP4","27.1","0.143","L/L","","WSH","0","$0","",""
"T214","Yacksel Ríos Minor","RP","28.1","2.019","R/R","","TB","0","$0","",""
"T214","Mark Leiter Jr. Minor","RP/CL","30.4","1.082","R/R","","DET","0","$0","",""
"T214","Danny Coulombe Minor","RP/SU7","31.8","2.079","L/L","","MIN","0","$0","",""
"T214","Ian Krol Minor","RP","30.2","3.162","L/L","","DET","0","$0","",""
"T214","Silvino Bracho Minor","RP","29.1","3.082","R/R","","SF","0","$0","",""
"T214","Anthony Gose Minor","RP/SU7","31.0","2.125","L/L","","CLE","0","$0","",""
"T214","John Hicks Minor","C/1B","31.9","3.001","R/R","","TEX","0","$0","",""
"T214","Tyler White Minor","1B","30.8","2.101","R/R","","TOR","0","$0","",""
"T214","Buck Farmer Minor","RP","30.5","4.083","L/R","","TEX","0","$0","",""
"T214","Shane Greene","RP","32.8","6.075","R/R","ATL","LAD","0","$0","",""
"T214","Jesse Biddle Minor","RP","29.8","3.088","L/L","","ATL","0","$0","",""
"T214","Brad Peacock Minor","SP/SP5","33.5","6.165","R/R","","BOS","0","$0","",""
"T214","Erick Mejia Minor","2B","26.8","0.091","R","","KC","0","$0","",""
"T214","Tommy Milone Minor","SP","34.5","7.113","L/L","","CIN","0","$0","",""
"T214","Billy Hamilton Minor","CF","30.9","7.028","R","","CHW","0","$0","",""
"T214","Jake Faria Minor","RP","28.0","2.091","R/R","","LAA","0","$0","",""
"T214","Álex Claudio Minor","RP","29.5","5.114","L/L","","BOS","0","$0","",""
"T214","Jimmy Yacabonis Minor","RP","29.4","1.023","R/R","","SEA","0","$0","",""
"T214","T.J. McFarland Minor","RP","32.2","6.164","L/L","","STL","0","$0","",""
"T214","Tony Wolters Minor","C","29.2","4.161","L/R","","LAD","0","$0","",""
"T214","Khris Davis Minor","DH","33.7","7.104","R/R","","OAK","0","$0","",""
"T214","Jimmie Sherfy Minor","RP","29.6","0.144","R/R","","SF","0","$0","",""
"T214","Patrick Kivlehan Minor","RF","31.7","1.036","R/R","","SD","0","$0","",""
"T214","Stephen Gonsalves Minor","SP","27.1","0.056","L/L","","BOS","0","$0","",""
"T214","Elier Hernandez Minor","RF","26.8","","R/R","","TEX","0","$0","",""
"T214","Ricardo Pinto Minor","RP","27.6","0.095","R/R","","DET","0","$0","",""
"T214","Drew Anderson Minor","SP","27.4","0.048","R/R","","TEX","0","$0","",""
"T214","Louis Head Minor","RP","31.3","","R/R","","TB","0","$0","",""
"T214","Miguel Del Pozo Minor","RP","28.8","0.076","L/L","","DET","0","$0","",""
"T214","Juan Minaya Minor","RP","30.9","2.050","R/R","","MIN","0","$0","",""
"T214","Jordan Zimmermann Minor","SP/SP2","35.2","11.154","R/R","","MIL","0","$0","",""
"T214","Mike Wright Minor","RP","31.6","3.008","R/R","","CHW","0","$0","",""
"T214","Nabil Crismatt Minor","RP","26.7","0.050","R/R","","SD","0","$0","",""
"T214","Tomás Telis Minor","1B","30.2","1.079","R","","MIN","0","$0","",""
"T214","Humberto Arteaga Minor","SS","27.6","0.102","R/R","","WSH","0","$0","",""
"T214","Akeel Morris Minor","RP","28.8","0.067","R/R","","SF","0","$0","",""
"T214","Ryan Goins Minor","2B","33.5","5.041","L/R","","ATL","0","$0","",""
"T214","Claudio Custodio Minor","RP","30.8","","","","BAL","0","$0","",""
"T214","Mallex Smith Minor","LF","28.2","4.028","L/R","","CIN","0","$0","",""
"T214","Ryan Lavarnway Minor","C","34.0","3.075","R/R","","CLE","0","$0","",""
"T214","Delino DeShields Minor","CF","29.0","5.109","R/R","","TEX","0","$0","",""
"T214","Mikie Mahtook Minor","CF","31.7","2.127","R/R","","CHW","0","$0","",""
"T214","Kyle Lobstein Minor","RP","32.0","1.088","L/L","","WSH","0","$0","",""
"T214","Cheslor Cuthbert Minor","3B/DH","28.8","4.019","R/R","","NYM","0","$0","",""
"T214","Keury Mella Minor","RP","28.0","0.170","R/R","","PIT","0","$0","",""
"T214","Scott Schebler Minor","CF","30.8","3.054","L/R","","LAA","0","$0","",""
"T214","Bryan Mitchell Minor","RP","30.3","3.054","L/R","","MIA","0","$0","",""
"T214","Corban Joseph Minor","1B","32.8","0.113","L/R","","WSH","0","$0","",""
"T214","Travis Jankowski Minor","LF","30.2","4.073","L/R","","PHI","0","$0","",""
"T214","Justin Grimm Minor","RP","33.0","6.050","R/R","","SEA","0","$0","",""
"T214","Christian Colon Minor","2B","32.2","3.006","R/R","","TOR","0","$0","",""
"T214","Vincent Velasquez Minor","SP","29.2","5.086","R/R","","SD","0","$0","",""
"T214","Brooks Pounders Minor","RP","30.9","1.010","","","SEA","0","$0","",""
"T214","Ryan Dull Minor","RP","31.8","3.022","R/R","","SEA","0","$0","",""
"T214","Alen Hanson Minor","2B","28.8","2.062","R","","SEA","0","$0","",""
"T214","Terrance Gore Minor","CF","30.2","2.013","R/R","","ATL","0","$0","",""
"T214","James Pazos Minor","RP","30.2","3.035","R/L","","LAD","0","$0","",""
"T214","Mason Williams Minor","LF","30.0","2.069","L/R","","BAL","0","$0","",""
"T214","Matt Davidson Minor","DH","30.4","3.112","R/R","","LAD","0","$0","",""
"T214","Ben Taylor Minor","RP","28.8","","R/R","","DET","0","$0","",""
"T214","Jake Buchanan Minor","RP","31.9","0.161","R/R","","LAA","0","$0","",""
"T214","Matt Szczur Minor","CF","32.1","3.064","R/R","","STL","0","$0","",""
"T214","Zach Lee Minor","RP","29.9","0.026","R/R","","CIN","0","$0","",""
"T214","T.J. Rivera Minor","3B","32.8","2.054","R/R","","PIT","0","$0","",""
"T214","Michael Feliz Minor","RP","28.1","4.169","R/R","","BOS","0","$0","",""
"T214","Spencer Patton Minor","RP/SU8","33.5","1.009","R/R","","TEX","0","$0","",""
"T214","Arismendy Alcantara Minor","CF","29.8","","R","","SF","0","$0","",""
"T214","Heath Hembree Minor","RP","32.6","5.106","R/R","","CIN","0","$0","",""
"T214","Socrates Brito Minor","LF","28.9","1.123","L/L","","NYY","0","$0","",""
"T214","Nick Goody Minor","RP","30.1","4.105","R/R","","NYY","0","$0","",""
"T214","Matt Magill Minor","RP/CL","31.8","3.031","R/R","","SEA","0","$0","",""
"T214","Vance Worley Minor","RP","33.9","5.075","R/R","","ATL","0","$0","",""
"T214","Ben Heller Minor","RP","30.0","3.021","R/R","","ARI","0","$0","",""
"T214","Renato Nunez Minor","3B","27.3","2.167","R/R","","DET","0","$0","",""
"T214","Max Moroff Minor","2B","28.2","1.053","R","","STL","0","$0","",""
"T214","Luis Perdomo Minor","RP","28.2","4.072","R/R","","MIL","0","$0","",""
"T214","Jose Rondon Minor","2B","27.4","1.056","R/R","","STL","0","$0","",""
"T214","Derek Law Minor","RP","30.9","2.126","R/R","","MIN","0","$0","",""
"T214","Jose De Leon Minor","RP","29.0","2.060","R/R","","BOS","0","$0","",""
"T214","Tzu-Wei Lin Minor","SS","27.5","2.041","L/R","","MIN","0","$0","",""
"T214","Luke Farrell Minor","RP","30.2","1.137","L/R","","MIN","0","$0","",""
"T214","Nicky Delmonico Minor","RF","29.1","1.134","L/R","","CIN","0","$0","",""
"T214","Sal Romano Minor","RP","27.8","1.167","L/R","","NYY","0","$0","",""
"T214","Shane Carle Minor","RP","29.9","1.049","R/R","","SEA","0","$0","",""
"T214","Andrés Machado Minor","RP/SU7","28.3","0.032","R/R","","WSH","0","$0","",""
"T214","Vidal Nuno Minor","RP","34.1","4.012","L/L","","LAD","0","$0","",""
"T214","Aaron Slegers Minor","RP","28.9","1.086","R/R","","TB","0","$0","",""
"T214","Paul Sewald Minor","RP/CL","31.2","2.101","R/R","","SEA","0","$0","",""
"T214","Bobby Wahl Minor","RP","29.4","2.059","R/R","","LAD","0","$0","",""
"T214","Hoby Milner Minor","RP","30.6","2.015","L/L","","MIL","0","$0","",""
"T214","Clay Holmes Minor","RP/CL","28.3","2.031","R/R","","PIT","0","$0","",""
"T214","Rocky Gale Minor","C","33.5","0.101","R/R","","CIN","0","$0","",""
"T214","Andrew Kittredge Minor","RP","31.4","2.070","R/R","","TB","0","$0","",""
"T214","Jaime Schultz Minor","RP","30.2","0.069","R/R","","SEA","0","$0","",""
"T214","Hunter Wood Minor","RP","28.0","1.070","R/R","","TEX","0","$0","",""
"T214","Connor Sadzeck Minor","RP","29.8","1.031","R/R","","CHW","0","$0","",""
"T214","Richard Urena Minor","SS","25.5","0.156","R","","TOR","0","$0","",""
"T214","Dwight Smith Jr. Minor","RF","28.8","2.013","L/R","","CIN","0","$0","",""
"T214","Brandon Morrow Minor","RP","37.1","8.096","R/R","","LAD","0","$0","",""
"T214","Jesse Chavez Minor","RP","38.0","10.108","R/R","","ATL","0","$0","",""
"T214","Bubba Starling Minor","CF","29.0","1.147","R/R","","KC","0","$0","",""
"T214","Daniel Descalso Minor","2B/LF","34.8","10.016","L/R","","MIN","0","$0","",""
"T214","David Robertson Minor","RP/CL","36.3","12.070","R/R","","TB","0","$0","",""
"T214","Jake Petricka Minor","RP","33.2","5.020","R/R","","LAA","0","$0","",""
"T214","Taylor Guerrieri Minor","RP","28.7","0.133","R/R","","PHI","0","$0","",""
"T214","Hector Santiago Minor","RP","33.7","7.101","R/L","","SEA","0","$0","",""
"T214","John Axford Minor","RP","38.3","8.118","R/R","","TOR","0","$0","",""
"T214","Robbie Ross Minor","RP","32.2","5.098","L/L","","DET","0","$0","",""
"T214","Derek Dietrich Minor","2B/LF","32.1","6.112","L/R","","WSH","0","$0","",""
"T214","Adam Warren Minor","RP","34.0","4.036","R/R","","NYY","0","$0","",""
"T214","Alcides Escobar Minor","SS","34.7","9.082","R/R","","KC","0","$0","",""
"T214","Logan Morrison Minor","DH","34.0","9.008","L/L","","CIN","0","$0","",""
"T214","Ervin Santana Minor","SP/SP1","38.7","13.123","R/R","","KC","0","$0","",""
"T214","Jon Duplantier Minor","P","27.1","0.095","L/R","","ARI","0","$0","",""
"T214","Nick Burdi Minor","RP","28.6","3.000","R/R","","SD","0","$0","",""
"T214","Nestor Cortes Minor","SP/SP4","26.7","1.139","R/L","","NYY","0","$0","",""
"T214","David Hess Minor","RP","28.1","1.146","R/R","","TB","0","$0","",""
"T214","Evan Phillips Minor","RP/CL","26.9","0.133","R/R","","TB","0","$0","",""
"T214","Mike Freeman Minor","2B","34.0","2.111","L/R","","CLE","0","$0","",""
"T214","Jefry Rodriguez Minor","RP","28.1","1.089","R/R","","WSH","0","$0","",""
"T214","Andrew Velazquez Minor","3B","27.1","1.062","R","","NYY","0","$0","",""
"T214","Jake Jewell Minor","RP","28.2","0.151","R/R","","CHC","0","$0","",""
"T214","Williams Jerez Minor","RP","29.2","0.074","L/L","","SEA","0","$0","",""
"T214","Jason Martin Minor","OF","25.9","0.139","L/R","","TEX","0","$0","",""
"T214","Nick Martini Minor","RF","31.1","1.028","L/L","","CHC","0","$0","",""
"T214","Dereck Rodriguez Minor","SP","29.2","1.102","R/R","","COL","0","$0","",""
"T214","Thomas Pannone Minor","RP","27.2","1.002","L/L","","TOR","0","$0","",""
"T214","Tyler Lyons Minor","RP","33.5","4.075","L/L","","NYY","0","$0","",""
"T214","Dustin Garneau Minor","C","34.0","2.140","R/R","","DET","0","$0","",""
"T214","Blaine Hardy Minor","RP","34.4","4.108","L/L","","MIL","0","$0","",""
"T214","Juan Graterol Minor","C","32.5","1.126","R/R","","LAA","0","$0","",""
"T214","Justin Miller Minor","RP","34.2","3.083","R/R","","WSH","0","$0","",""
"T214","Josh Osich Minor","RP","32.9","4.114","L/L","","CIN","0","$0","",""
"T214","Rafael Ortega Minor","DH/CF","30.2","1.014","L/R","","CHC","0","$0","",""
"T214","Philip Gosselin Minor","2B","32.8","4.125","R/R","","LAA","0","$0","",""
"T214","Drew Butera Minor","C","38.0","9.067","R/R","","HOU","0","$0","",""
"T214","José Peraza Minor","SS","27.2","4.102","R/R","","NYM","0","$0","",""
"T214","C.J. Cron Minor","1B","31.6","6.097","R/R","","COL","0","$0","",""
"T214","Shun Yamaguchi Minor","P","34.1","1.000","R/R","","SF","0","$0","",""
"T214","Homer Bailey Minor","SP","35.2","12.017","R/R","","OAK","0","$0","",""
"T214","Chris Owings Minor","SS","30.0","6.131","R/R","","COL","0","$0","",""
"T214","Jose Iglesias","SS","31.6","8.036","R/R","LAA","BOS","0","$0","",""
"T214","Edubray Ramos Minor","RP","28.7","0.06","R/R","","TEX","0","$0","",""
"T214","Nick Tropeano Minor","RP","30.9","4.050","R/R","","LAD","0","$0","",""
"T214","Trevor Hildenberger Minor","RP","30.7","2.005","R/R","","NYM","0","$0","",""
"T214","Kevan Smith Minor","C","33.1","4.001","R/R","","TB","0","$0","",""
"T214","Jerad Eickhoff Minor","SP/SP3","31.1","4.034","R/R","","NYM","0","$0","",""
"T214","Ruben Tejada Minor","SS","31.8","6.004","R/R","","CHW","0","$0","",""
"T214","Tyler Olson Minor","RP","31.8","2.114","R/L","","BOS","0","$0","",""
"T214","Chris Rusin Minor","RP","34.8","5.014","L/L","","COL","0","$0","",""
"T214","Caleb Joseph","C","35.2","5.051","R/R","TOR","NYM","1","$0","$0",""
"T214","Joe Hudson Minor","C","30.2","0.131","R/R","","PIT","0","$0","",""
"T214","Yoshitomo Tsutsugo","1B","29.8","1.000","L/R","LAD","PIT","0","$0","",""
"T214","J.T. Riddle Minor","SS","29.8","3.118","L/R","","MIN","0","$0","",""
"T214","Derek Holland Minor","RP","34.8","11.105","L","","DET","0","$0","",""
"T214","Blake Parker Minor","RP","36.2","5.169","R/R","","CLE","0","$0","",""
"T214","Sean Gilmartin Minor","RP","31.2","1.158","L/L","","MIN","0","$0","",""
"T214","Brad Boxberger Minor","RP/SU8","33.2","7.033","R/R","","MIL","0","$0","",""
"T214","Jeremy Walker Minor","RP","26.2","1.039","R/R","","SF","0","$0","",""
"T214","Zack Littell Minor","RP","25.8","1.075","R/R","","SF","0","$0","",""
"T214","Rangel Ravelo Minor","1B","29.3","1.054","R/R","","LAD","0","$0","",""
"T214","Nick Vincent Minor","RP","35.1","7.033","R/R","","MIN","0","$0","",""
"T214","Jose Lobaton Minor","C","36.8","7.041","R","","CHC","0","$0","",""
"T214","Zack Godley Minor","SP/SP4","31.3","4.103","R/R","","CLE","0","$0","",""
"T214","Fernando Abad Minor","RP","35.7","6.119","L/L","","BAL","0","$0","",""
"T214","A.J. Ramos Minor","RP","34.9","6.055","R/R","","LAA","0","$0","",""
"T214","Jake Lamb Minor","1B","30.8","6.053","L/R","","CHW","0","$0","",""
"T214","Andrew Romine Minor","SS","35.7","6.060","R","","MIN","0","$0","",""
"T214","Cesar Puello Minor","RF","30.3","1.169","R/R","","NYM","0","$0","",""
"T214","Nick Ramirez Minor","RP","32.0","1.021","L/L","","SD","0","$0","",""
"T214","Jorge Bonifacio Minor","RF","28.2","2.041","R/R","","PHI","0","$0","",""
"T214","Dario Agrazal Minor","SP","26.6","1.076","R/R","","ARI","0","$0","",""
"T214","Brian Moran Minor","RP","32.8","2.027","L/L","","TB","0","$0","",""
"T214","Jace Peterson Minor","3B","31.2","4.149","L/R","","MIL","0","$0","",""
"T214","Chase De Jong Minor","RP","27.6","0.110","L/R","","PIT","0","$0","",""
"T214","Bo Takahashi Minor","SP","24.6","0.002","R/R","","CIN","0","$0","",""
"T214","Sean Kazmar Jr. Minor","SS","37.0","0.048","R/R","","ATL","0","$0","",""
"T214","Luis Ortiz Minor","RP","25.9","0.029","R/R","","TEX","0","$0","",""
"T214","Robinson Leyer Minor","P","28.4","0.053","R/R","","MIN","0","$0","",""
"T214","Jerry Vasto Minor","RP","29.5","0.037","L/L","","CHC","0","$0","",""
"T214","Henry Martinez Minor","P","27.2","","","","DET","0","$0","",""
"T214","Conner Greene Minor","P","26.3","","R/R","","BAL","0","$0","",""
"T214","Reymin Guduan Minor","RP","29.4","0.104","L/L","","OAK","0","$0","",""
"T214","José Briceño Minor","C","28.9","0.153","R/R","","COL","0","$0","",""
"T214","Parker Markel Minor","P","30.9","0.066","R/R","","SD","0","$0","",""
"T214","Elliot Soto Minor","SS","32.0","0.017","R/R","","LAD","0","$0","",""
"T214","Brandon Leibrandt Minor","P","28.7","0.111","L/L","","MIA","0","$0","",""
"T214","Anthony Bender Minor","RP","26.5","","R/R","","MIA","0","$0","",""
"T214","Joey Krehbiel Minor","RP","28.7","0.003","R/R","","TB","0","$0","",""
"T214","Domingo Acevedo Minor","RP","27.4","0.001","R/R","","OAK","0","$0","",""
"T214","Daniel Alvarez Minor","RP","25.1","","R/R","","SF","0","$0","",""
"T214","Eric Campbell Minor","1B","34.3","2.024","R/R","","SEA","0","$0","",""
"T214","Lucas Luetge Minor","RP","34.4","2.015","L/L","","NYY","0","$0","",""
"T214","Christian Bethancourt Minor","C","29.9","2.038","R/R","","PIT","0","$0","",""
"T214","Montana DuRapau Minor","P","29.3","0.030","R/R","","OAK","0","$0","",""
"T214","Jason Vosler","3B","27.9","","L/R","SD","SF","1","$0","$0",""
"T214","Tyler Heineman Minor","C","30.2","0.121","R","","PHI","0","$0","",""
"T214","Chris Herrmann Minor","C","33.8","5.128","L/R","","BOS","0","$0","",""
"T214","Sam Moll Minor","RP/SU7","29.6","0.031","L/L","","ARI","0","$0","",""
"T214","Kean Wong Minor","2B","26.3","0.025","L/R","","LAA","0","$0","",""
"T214","Gerson Bautista Minor","SP","26.2","1.120","R/R","","SEA","0","$0","",""
"T214","Zac Grotz Minor","P","28.5","0.103","R/R","","BOS","0","$0","",""
"T214","Joseph Odom Minor","C","29.6","0.139","R/R","","TB","0","$0","",""
"T214","Jose Godoy Minor","C","26.8","","L/R","","SEA","0","$0","",""
"T214","Dylan Cozens Minor","OF","27.2","","L/L","","MIL","0","$0","",""
"T214","Nick Ciuffo Minor","C","26.4","0.034","L/R","","BAL","0","$0","",""
"T214","Tim Dillard Minor","RP","38.1","1.106","R/R","","TEX","0","$0","",""
"T214","Tim Federowicz Minor","C","34.0","3.158","R/R","","LAD","0","$0","",""
"T214","Yadiel Rivera Minor","2B","29.2","2.097","R/R","","HOU","0","$0","",""
"T214","Locke St. John Minor","P","28.5","0.028","L/L","","DET","0","$0","",""
"T214","Forrest Wall Minor","OF","25.8","","L/R","","TOR","0","$0","",""
"T214","James Bourque Minor","P","28.1","0.102","R/R","","CHC","0","$0","",""
"T214","Jeison Guzmán Minor","SS","22.8","0.011","L/R","","KC","0","$0","",""
"T214","Foster Griffin Minor","RP","26.0","1.000","R/L","","KC","0","$0","",""
"T214","Carlos Sanabria Minor","RP","24.6","0.031","R/R","","KC","0","$0","",""
"T214","Adam Eaton","RF","32.7","8.030","L/L","CHW","LAA","0","$0","",""
"T214","Jimmy Herget Minor","RP","27.9","1.033","R/R","","LAA","0","$0","",""
"T214","Jharel Cotton Minor","SP","29.6","2.158","R/R","","TEX","0","$0","",""
"T214","Jacob Rhame Minor","RP","28.4","","R/R","","SD","0","$0","",""
"T214","Glenn Sparkman Minor","SP","29.2","3.001","R/R","","MIN","0","$0","",""
"T214","Neftali Feliz Minor","RP","33.2","7.129","R/R","","LAD","0","$0","",""
"T214","Javy Guerra Minor","RP","35.8","5.145","R/R","","WSH","0","$0","",""
"T214","Matt Andriese","RP","31.9","5.071","R/R","BOS","SEA","0","$0","",""
"T214","Ross Detwiler","RP","35.4","8.011","R/L","MIA","SD","0","$0","",""
"T214","Jhoulys Chacin","SP","33.6","9.087","R/R","NYY","COL","0","$0","",""
"T214","Bryan Holaday Minor","C","33.8","6.002","R/R","","ARI","0","$0","",""
"T214","Shelby Miller Minor","RP/SU7","30.8","6.093","R/R","","PIT","0","$0","",""
"T214","Erasmo Ramirez Minor","RP","31.2","6.059","R/R","","DET","0","$0","",""
"T214","Hernán Pérez Minor","2B","30.4","5.100","R/R","","MIL","0","$0","",""
"T214","Wilson Ramos Minor","C","34.0","10.047","R/R","","CLE","0","$0","",""
"T214","Blake Swihart Minor","C","29.3","3.130","R","","WSH","0","$0","",""
"T214","C.J. Edwards Minor","RP/SU7","29.9","4.098","R/R","","CHW","0","$0","",""
"T214","Steven Souza Minor","RF","32.3","6.033","R/R","","LAD","0","$0","",""
"T214","Kyle Barraclough Minor","RP","31.2","4.020","R/R","","MIN","0","$0","",""
"T214","Wade LeBlanc","SP","37.0","7.131","L/L","","STL","0","$0","",""
"T214","Keon Broxton Minor","RF","31.2","3.038","R/R","","MIL","0","$0","",""
"T214","Greg Garcia Minor","2B","32.0","5.083","L/R","","PHI","0","$0","",""
"T214","Marwin Gonzalez Minor","3B","32.4","8.133","R","","HOU","0","$0","",""
"T214","Jake Arrieta Minor","SP/SP1","35.4","9.145","R/R","","SD","0","$0","",""
"T214","Mike Montgomery Minor","RP","32.1","5.089","L/L","","NYY","0","$0","",""
"T214","Jason Kipnis Minor","2B","34.3","9.069","L/R","","ATL","0","$0","",""
"T214","Robinson Chirinos Minor","C/1B","37.2","8.102","R/R","","CHC","0","$0","",""
"T214","Cam Bedrosian Minor","RP","29.8","5.153","R/R","","PHI","0","$0","",""
"T214","Brandon Workman Minor","RP","33.0","6.051","R/R","","BOS","0","$0","",""
"T214","Tyson Ross Minor","SP","34.3","8.118","R/R","","TEX","0","$0","",""
"T214","Cameron Maybin Minor","RF","34.3","11.059","R/R","","CHC","0","$0","",""
"T214","Travis Snider Minor","RF","33.5","5.086","L/L","","ATL","0","$0","",""
"T214","Caleb Joseph Minor","C","35.2","5.051","R/R","","SEA","0","$0","",""
"T214","Maikel Franco Minor","3B","29.0","5.157","R/R","","ATL","0","$0","",""
"T214","Josh Reddick Minor","RF","34.5","10.050","L/R","","NYM","0","$0","",""
"T214","Ivan Nova Minor","SP/SP3","34.6","10.024","R/R","","COL","0","$0","",""
"T214","René Rivera","C","38.0","8.107","R/R","CLE","WSH","0","$0","",""
"T214","Logan Forsythe Minor","2B/3B","34.6","9.113","R/R","","MIL","0","$0","",""
"T214","Brad Brach Minor","RP","35.3","8.063","R/R","","CIN","0","$0","",""
"T214","Shane Greene","RP","32.8","6.075","R/R","ATL","LAD","0","$0","",""
"T214","Tanner Roark Minor","SP","34.8","7.055","R/R","","ATL","0","$0","",""
"T214","Nate Jones Minor","RP","35.5","9.000","R/R","","LAD","0","$0","",""
"T214","Anthony Swarzak Minor","RP","35.9","8.024","R/R","","KC","0","$0","",""
"T214","Jonathan Lucroy Minor","C","35.2","9.164","R/R","","MIL","0","$0","",""
"T214","René Rivera Minor","C","38.0","8.107","R/R","","CLE","0","$0","",""
"T214","Vinny Nittoli Minor","RP","30.8","","R/R","","MIN","0","$0","",""
"T214","David Freitas Minor","C","32.4","1.026","R/R","","TB","0","$0","",""
"T214","Matt Koch Minor","RP","30.8","0.141","L/R","","CLE","0","$0","",""
"T214","Josh Rogers Minor","SP/SP4","27.1","0.143","L/L","","WSH","0","$0","",""
"T214","Yacksel Ríos Minor","RP","28.1","2.019","R/R","","TB","0","$0","",""
"T214","Mark Leiter Jr. Minor","RP/CL","30.4","1.082","R/R","","DET","0","$0","",""
"T214","Danny Coulombe Minor","RP/SU7","31.8","2.079","L/L","","MIN","0","$0","",""
"T214","Silvino Bracho Minor","RP","29.1","3.082","R/R","","SF","0","$0","",""
"T214","John Hicks Minor","C/1B","31.9","3.001","R/R","","TEX","0","$0","",""
"T214","Tyler White Minor","1B","30.8","2.101","R/R","","TOR","0","$0","",""
"T214","Jesse Biddle Minor","RP","29.8","3.088","L/L","","ATL","0","$0","",""
"T214","Erick Mejia Minor","2B","26.8","0.091","R","","KC","0","$0","",""
"T214","Tommy Milone Minor","SP","34.5","7.113","L/L","","CIN","0","$0","",""
"T214","Billy Hamilton Minor","CF","30.9","7.028","R","","CHW","0","$0","",""
"T214","Jake Faria Minor","RP","28.0","2.091","R/R","","LAA","0","$0","",""
"T214","Álex Claudio Minor","RP","29.5","5.114","L/L","","BOS","0","$0","",""
"T214","Jimmy Yacabonis Minor","RP","29.4","1.023","R/R","","SEA","0","$0","",""
"T214","T.J. McFarland Minor","RP","32.2","6.164","L/L","","STL","0","$0","",""
"T214","Tony Wolters Minor","C","29.2","4.161","L/R","","LAD","0","$0","",""
"T214","Jimmie Sherfy Minor","RP","29.6","0.144","R/R","","SF","0","$0","",""
"T214","Patrick Kivlehan Minor","RF","31.7","1.036","R/R","","SD","0","$0","",""
"T214","Stephen Gonsalves Minor","SP","27.1","0.056","L/L","","BOS","0","$0","",""
"T214","Elier Hernandez Minor","RF","26.8","","R/R","","TEX","0","$0","",""
"T214","Ricardo Pinto Minor","RP","27.6","0.095","R/R","","DET","0","$0","",""
"T214","Drew Anderson Minor","SP","27.4","0.048","R/R","","TEX","0","$0","",""
"T214","Louis Head Minor","RP","31.3","","R/R","","TB","0","$0","",""
"T214","Miguel Del Pozo Minor","RP","28.8","0.076","L/L","","DET","0","$0","",""
"T214","Juan Minaya Minor","RP","30.9","2.050","R/R","","MIN","0","$0","",""
"T214","Mike Wright Minor","RP","31.6","3.008","R/R","","CHW","0","$0","",""
"T214","Nabil Crismatt Minor","RP","26.7","0.050","R/R","","SD","0","$0","",""
"T214","Tomás Telis Minor","1B","30.2","1.079","R","","MIN","0","$0","",""
"T214","Humberto Arteaga Minor","SS","27.6","0.102","R/R","","WSH","0","$0","",""
"T214","Akeel Morris Minor","RP","28.8","0.067","R/R","","SF","0","$0","",""
"T214","Claudio Custodio Minor","RP","30.8","","","","BAL","0","$0","",""
"T214","Mallex Smith Minor","LF","28.2","4.028","L/R","","CIN","0","$0","",""
"T214","Ryan Lavarnway Minor","C","34.0","3.075","R/R","","CLE","0","$0","",""
"T214","Kyle Lobstein Minor","RP","32.0","1.088","L/L","","WSH","0","$0","",""
"T214","Cheslor Cuthbert Minor","3B/DH","28.8","4.019","R/R","","NYM","0","$0","",""
"T214","Keury Mella Minor","RP","28.0","0.170","R/R","","PIT","0","$0","",""
"T214","Bryan Mitchell Minor","RP","30.3","3.054","L/R","","MIA","0","$0","",""
"T214","Corban Joseph Minor","1B","32.8","0.113","L/R","","WSH","0","$0","",""
"T214","Justin Grimm Minor","RP","33.0","6.050","R/R","","SEA","0","$0","",""
"T214","Christian Colon Minor","2B","32.2","3.006","R/R","","TOR","0","$0","",""
"T214","Brooks Pounders Minor","RP","30.9","1.010","","","SEA","0","$0","",""
"T214","Alen Hanson Minor","2B","28.8","2.062","R","","SEA","0","$0","",""
"T214","Terrance Gore Minor","CF","30.2","2.013","R/R","","ATL","0","$0","",""
"T214","Matt Davidson Minor","DH","30.4","3.112","R/R","","LAD","0","$0","",""
"T214","Ben Taylor Minor","RP","28.8","","R/R","","DET","0","$0","",""
"T214","Jake Buchanan Minor","RP","31.9","0.161","R/R","","LAA","0","$0","",""
"T214","Matt Szczur Minor","CF","32.1","3.064","R/R","","STL","0","$0","",""
"T214","T.J. Rivera Minor","3B","32.8","2.054","R/R","","PIT","0","$0","",""