"Rank","Player","Pos","Team","GP","GS","IP","H","R","ER","BB","SO","W","L","SV","WHIP","ERA","WAR","TVS","Cash2023",""
"","Miguel Gonzalez","SP","BAL","60","56","342.7","314","162","144","106","240","22","16","0","2.45","7.56","1.67","44.91","$0",""
"","Adam Wainwright","SP","STL","35","34","241.7","223","83","79","35","219","19","9","0","1.07","2.94","6.30","98.35","$7,500,000",""
"","James Shields","SP","KC","34","34","228.7","215","82","80","68","196","13","9","0","1.24","3.15","4.65","82.43","$0",""
"","R.A. Dickey","SP","TOR","34","34","224.7","208","113","105","71","177","14","13","0","1.24","4.21","1.91","37.39","$0",""
"","Cliff Lee","SP","PHI","34","31","222.7","193","77","71","32","222","14","8","0","1.01","2.87","6.58","70.02","$0",""
"","Cole Hamels","SP","PHI","33","33","220.0","205","94","88","50","202","8","14","0","1.16","3.60","4.00","35.69","$0",""
"","Hisashi Iwakuma","SP","SEA","33","33","219.7","179","69","65","42","185","14","6","0","1.01","2.66","7.04","90.46","$0",""
"","Justin Verlander","SP","DET","34","34","218.3","212","94","84","75","217","13","12","0","1.32","3.46","4.40","23.15","$43,333,333",""
"","Max Scherzer","SP","DET","32","32","214.3","152","73","69","56","240","21","3","0","0.97","2.90","6.49","93.13","$43,333,333",""
"","Chris Sale","SP","CHW","30","30","214.3","184","81","73","46","226","11","14","0","1.07","3.07","6.53","87.89","$27,500,000",""
"","Jeff Samardzija","SP","CHC","33","33","213.7","210","109","103","78","214","8","13","0","1.35","4.34","1.04","38.64","$0",""
"","Jon Lester","SP","BOS","33","33","213.3","209","94","89","67","177","15","8","0","1.29","3.76","2.72","64.36","$0",""
"","Jordan Zimmermann","SP","WSH","32","32","213.3","192","81","77","40","161","19","9","0","1.09","3.25","3.54","87.72","$0",""
"","Derek Holland","SP","TEX","33","33","213.0","210","90","81","64","189","10","9","0","1.29","3.42","3.24","0.00","$0",""
"","C.J. Wilson","SP","LAA","33","33","212.3","200","93","80","85","188","17","7","0","1.34","3.39","3.50","49.17","$0",""
"","Jeremy Guthrie","SP","KC","33","33","211.7","236","99","95","59","111","15","12","0","1.39","4.04","1.55","30.71","$0",""
"","C.C. Sabathia","SP","NYY","32","32","211.0","224","122","112","65","175","14","13","0","1.37","4.78","0.03","4.27","$0",""
"","Ervin Santana","SP","KC","32","32","211.0","190","85","76","51","161","9","10","0","1.14","3.24","3.21","53.09","$0",""
"","Mat Latos","SP","CIN","32","32","210.7","197","82","74","58","187","14","7","0","1.21","3.16","3.36","83.73","$0",""
"","Yu Darvish","SP","TEX","32","32","209.7","145","68","66","80","277","13","9","0","1.07","2.83","5.58","61.48","$30,000,000",""
"","Homer Bailey","SP","CIN","32","32","209.0","181","85","81","54","199","11","12","0","1.12","3.49","2.83","0.00","$0",""
"","Doug Fister","SP","DET","33","32","208.7","229","91","85","44","159","14","9","0","1.31","3.67","3.97","84.57","$0",""
"","Patrick Corbin","SP","ARI","33","32","208.3","189","81","79","54","178","14","8","0","1.17","3.41","3.01","83.54","$24,000,000",""
"","Chris Tillman","SP","BAL","33","33","206.3","184","87","85","68","179","16","7","0","1.22","3.71","3.72","59.73","$0",""
"","Mike Minor","RP","ATL","32","32","204.7","177","79","73","46","181","13","9","0","1.09","3.21","2.88","82.40","$0",""
"","Felix Hernandez","SP","SEA","31","31","204.3","184","74","68","46","216","12","10","0","1.13","3.00","5.12","51.63","$0",""
"","Mark Buehrle","SP","TOR","33","33","203.7","223","100","94","51","139","12","10","0","1.35","4.15","2.25","27.64","$0",""
"","Eric Stults","SP","SD","37","33","203.7","219","97","89","40","131","11","13","0","1.27","3.93","0.73","63.78","$0",""
"","Wade Miley","SP","ARI","34","33","202.7","201","88","80","66","147","10","10","0","1.32","3.55","1.37","59.21","$3,500,000",""
"","Bronson Arroyo","SP","CIN","32","32","202.0","199","88","85","34","124","14","12","0","1.15","3.79","2.19","35.48","$0",""
"","Lance Lynn","SP","STL","33","33","201.7","188","92","89","76","198","15","10","0","1.31","3.97","2.11","70.69","$18,500,000",""
"","Hiroki Kuroda","SP","NYY","32","32","201.3","191","79","74","43","150","11","13","0","1.16","3.31","4.00","52.50","$0",""
"","Madison Bumgarner","SP","SF","31","31","201.3","146","68","62","62","199","13","9","0","1.03","2.77","4.04","81.49","$23,000,000",""
"","Travis Wood","SP","CHC","37","32","200.0","163","73","69","66","144","9","12","0","1.14","3.11","4.45","82.72","$0",""
"","Jose Quintana","SP","CHW","33","33","200.0","188","83","78","56","164","9","7","0","1.22","3.51","5.10","77.38","$13,000,000",""
"","A.J. Griffin","RP","OAK","32","32","200.0","171","91","85","54","171","14","10","0","1.13","3.83","2.70","0.00","$0",""
"","Ricky Nolasco","SP","LAD","34","33","199.3","195","90","82","46","165","13","11","0","1.21","3.70","0.63","47.42","$0",""
"","Dillon Gee","RP","NYM","32","32","199.0","208","84","80","47","142","12","11","0","1.28","3.62","2.43","0.00","$0",""
"","Kyle Lohse","SP","MIL","33","32","198.7","196","78","74","36","125","11","10","0","1.17","3.35","2.99","48.74","$0",""
"","Tim Lincecum","RP","SF","32","32","197.7","184","102","96","76","193","10","14","0","1.32","4.37","-0.47","0.00","$0",""
"","Jhoulys Chacin","SP","COL","32","31","197.3","188","82","76","61","126","14","10","0","1.26","3.47","5.84","93.28","$0",""
"","Kris Medlen","SP","ATL","32","31","197.0","194","77","68","47","157","15","12","0","1.22","3.11","2.69","82.24","$0",""
"","Jarrod Parker","SP","OAK","32","32","197.0","178","92","87","63","134","12","8","0","1.22","3.98","2.26","54.11","$0",""
"","Gio Gonzalez","SP","WSH","32","32","195.7","169","79","73","76","192","11","8","0","1.25","3.36","2.74","53.35","$0",""
"","Mike Leake","SP","CIN","31","31","192.3","193","78","72","48","122","14","7","0","1.25","3.37","2.62","76.02","$0",""
"","Hyun-Jin Ryu","SP","LAD","30","30","192.0","182","67","64","49","154","14","8","0","1.20","3.00","3.50","84.16","$20,000,000",""
"","A.J. Burnett","SP","PIT","30","30","191.0","165","79","70","67","209","10","11","0","1.22","3.30","2.00","39.47","$0",""
"","Bartolo Colon","SP","OAK","30","30","190.3","193","60","56","29","117","18","6","0","1.17","2.65","5.64","96.41","$0",""
"","John Lackey","SP","BOS","29","29","189.3","179","80","74","40","161","10","13","0","1.16","3.52","2.72","30.64","$0",""
"","David Price","SP","TB","27","27","186.7","178","78","69","27","151","10","8","0","1.10","3.33","2.62","69.02","$0",""
"","Julio Teheran","SP","ATL","30","30","185.7","173","69","66","45","170","14","8","0","1.17","3.20","2.85","79.02","$0",""
"","Kevin Correia","SP","MIN","32","31","185.3","218","89","86","45","101","9","13","0","1.42","4.18","2.31","40.26","$0",""
"","Matt Cain","RP","SF","30","30","184.3","158","85","82","55","158","8","10","0","1.16","4.00","0.77","0.00","$0",""
"","Wily Peralta","SP","MIL","32","32","183.3","187","107","89","73","129","11","15","0","1.42","4.37","-1.10","0.00","$0",""
"","Joe Saunders","SP","SEA","33","32","183.0","232","117","107","61","107","11","16","0","1.60","5.26","-0.37","12.78","$0",""
"","Stephen Strasburg","SP","WSH","30","30","183.0","136","71","61","56","191","8","9","0","1.05","3.00","2.93","71.33","$23,571,428",""
"","Anibal Sanchez","RP","DET","29","29","182.0","156","56","52","54","202","14","8","0","1.15","2.57","6.10","80.80","$0",""
"","Kyle Kendrick","SP","PHI","32","30","182.0","207","104","95","47","110","10","13","0","1.40","4.70","0.61","44.09","$0",""
"","Scott Feldman","SP","BAL","31","30","181.7","159","87","78","56","132","12","12","0","1.18","3.86","0.60","42.80","$0",""
"","Ian Kennedy","SP","SD","32","31","181.3","181","108","100","73","163","7","10","0","1.40","4.96","-1.43","8.17","$0",""
"","Yovani Gallardo","RP","MIL","33","31","180.7","180","92","84","66","144","12","10","0","1.36","4.19","0.21","33.48","$0",""
"","Matt Harvey","SP","NYM","27","26","178.3","135","46","45","31","191","9","5","0","0.93","2.27","5.32","98.16","$0",""
"","Zack Greinke","SP","LAD","29","28","177.7","152","54","52","46","148","15","4","0","1.11","2.63","4.31","59.84","$8,500,000",""
"","Rick Porcello","SP","DET","32","29","177.0","185","87","85","42","142","13","8","0","1.28","4.32","2.28","53.15","$0",""
"","Bud Norris","SP","BAL","32","30","176.7","196","89","82","67","147","10","12","0","1.49","4.18","0.06","0.00","$0",""
"","Edwin Jackson","SP","CHC","31","31","175.3","197","110","97","59","135","8","18","0","1.46","4.98","-1.30","10.52","$0",""
"","Andrew Cashner","SP","SD","34","26","175.0","151","68","60","47","128","10","9","0","1.13","3.09","2.40","79.51","$0",""
"","Jeremy Hellickson","SP","TB","32","31","174.0","185","103","100","50","135","12","10","0","1.35","5.17","-0.86","22.86","$0",""
"","Shelby Miller","RP","STL","31","31","173.3","152","65","59","57","169","15","9","0","1.21","3.06","3.51","74.45","$1,500,000",""
"","Jose Fernandez","SP","MIA","28","28","172.7","111","47","42","58","187","12","6","0","0.98","2.19","6.18","97.28","$0",""
"","Edinson Volquez","SP","LAD","33","32","170.3","193","114","108","77","142","9","12","0","1.59","5.71","0.05","21.52","$0",""
"","Dan Haren","SP","WSH","31","30","169.7","179","92","88","31","151","10","14","1","1.24","4.67","-0.08","11.67","$0",""
"","Jerome Williams","RP","LAA","37","25","169.3","181","93","86","55","107","9","10","0","1.39","4.57","0.61","0.00","$0",""
"","Jorge De La Rosa","RP","COL","30","30","167.7","170","70","65","62","112","16","6","0","1.38","3.49","4.43","0.00","$0",""
"","Jeff Locke","RP","PIT","30","30","166.3","146","69","65","84","125","10","7","0","1.38","3.52","1.39","0.00","$0",""
"","Felix Doubront","SP","BOS","29","27","162.3","161","84","78","71","139","11","6","0","1.43","4.32","0.67","44.13","$0",""
"","Francisco Liriano","RP","PIT","26","26","161.0","134","54","54","63","163","16","8","0","1.22","3.02","3.25","83.19","$0",""
"","Juan Nicasio","RP","COL","31","31","157.7","168","97","90","64","119","9","9","0","1.47","5.14","0.30","0.00","$0",""
"","Tom Milone","RP","OAK","28","26","156.3","160","83","72","39","126","12","9","0","1.27","4.15","0.81","0.00","$0",""
"","Matt Garza","SP","TEX","24","24","155.3","150","73","66","42","136","10","6","0","1.24","3.82","1.55","36.33","$0",""
"","Jered Weaver","SP","LAA","24","24","154.3","139","58","56","37","117","11","8","0","1.14","3.27","3.70","45.21","$0",""
"","Lucas Harrell","RP","HOU","37","22","153.7","174","111","100","88","89","6","17","0","1.71","5.86","-1.53","0.00","$0",""
"","Dallas Keuchel","SP","HOU","33","22","153.7","184","96","88","52","123","6","10","0","1.54","5.15","-0.06","17.59","$0",""
"","Paul Maholm","RP","ATL","26","26","153.0","169","82","75","47","105","10","11","0","1.41","4.41","","0.00","$0",""
"","Mike Pelfrey","RP","MIN","29","29","152.7","184","92","88","53","101","5","13","0","1.55","5.19","0.17","0.00","$0",""
"","Dan Straily","SP","OAK","27","27","152.3","132","74","67","57","124","10","8","0","1.24","3.96","1.47","48.58","$0",""
"","Roberto Hernandez","RP","TB","32","24","151.0","164","87","82","38","113","6","13","1","1.34","4.89","","0.00","$0",""
"","Erik Bedard","SP","HOU","32","26","151.0","149","83","77","75","138","4","12","1","1.48","4.59","1.00","16.69","$0",""
"","Matt Moore","SP","TB","27","27","150.3","119","58","55","76","143","17","4","0","1.30","3.29","2.50","0.00","$0",""
"","Jason Vargas","SP","LAA","24","24","150.0","162","68","67","46","109","9","8","0","1.39","4.02","1.95","37.53","$0",""
"","Hector Santiago","RP","CHW","34","23","149.0","137","69","59","72","137","4","9","0","1.40","3.56","2.71","0.00","$0",""
"","Trevor Cahill","RP","ARI","26","25","146.7","143","70","65","65","102","8","10","0","1.42","3.99","0.70","31.39","$0",""
"","Phil Hughes","RP","NYY","30","29","145.7","170","91","84","42","121","4","14","0","1.46","5.19","-0.87","0.00","$0",""
"","Garrett Richards","SP","LAA","47","17","145.0","151","73","67","44","101","7","8","1","1.35","4.16","1.02","35.52","$0",""
"","Jake Peavy","RP","BOS","23","23","144.7","130","70","67","36","121","12","5","0","1.15","4.17","0.59","0.00","$0",""
"","Aaron Harang","SP","NYM","26","26","143.3","153","91","86","40","113","5","12","0","1.35","5.40","0.23","8.02","$0",""
"","Alex Cobb","SP","TB","22","22","143.3","120","46","44","45","134","11","3","0","1.15","2.76","3.84","85.78","$9,000,000",""
"","Jonathan Niese","RP","NYM","24","24","143.0","158","68","59","48","105","8","8","0","1.44","3.71","0.80","0.00","$0",""
"","Tom Koehler","RP","MIA","29","23","143.0","140","72","70","54","92","5","10","0","1.36","4.41","0.75","0.00","$0",""
"","Jordan Lyles","SP","HOU","27","25","141.7","165","98","88","49","93","7","9","1","1.51","5.59","-1.13","16.76","$8,500,000",""
"","Jason Hammel","SP","BAL","26","23","139.3","152","79","75","48","96","7","8","1","1.43","4.84","-0.34","0.00","$0",""
"","Ivan Nova","SP","NYY","23","20","139.3","135","49","48","44","116","9","6","0","1.28","3.10","3.36","82.62","$0",""
"","John Danks","SP","CHW","22","22","138.3","151","81","73","27","89","4","14","0","1.29","4.75","0.78","5.62","$0",""
"","Esmil Rogers","RP","TOR","46","20","137.7","152","76","73","44","96","5","9","0","1.42","4.77","0.52","0.00","$0",""
"","Wei-Yin Chen","SP","BAL","23","23","137.0","142","62","62","39","104","7","7","0","1.32","4.07","1.52","40.43","$0",""
"","Wade Davis","RP","KC","31","24","135.3","169","89","80","58","114","8","11","0","1.68","5.32","-1.85","0.00","$0",""
"","Brandon McCarthy","SP","ARI","22","22","135.0","161","71","68","21","76","5","11","0","1.35","4.53","-0.17","34.32","$0",""
"","Barry Zito","SP","SF","30","25","133.3","173","94","85","54","86","5","11","0","1.70","5.74","-2.46","0.36","$0",""
"","Joe Blanton","RP","LAA","28","20","132.7","180","96","89","34","108","2","14","0","1.61","6.04","-1.88","0.00","$0",""
"","Tim Hudson","SP","ATL","21","21","131.3","120","60","58","36","95","8","7","0","1.19","3.98","0.82","51.32","$0",""
"","Carlos Villanueva","RP","CHC","47","15","128.7","117","58","58","40","103","7","8","0","1.22","4.06","1.47","0.00","$0",""
"","Chris Archer","SP","TB","23","23","128.7","107","49","46","38","101","9","7","0","1.13","3.22","2.03","59.77","$0",""
"","Dylan Axelrod","RP","CHW","30","20","128.3","170","89","81","43","73","4","11","0","1.66","5.68","","0.00","$0",""
"","Marco Estrada","SP","MIL","21","21","128.0","109","56","55","29","118","7","4","0","1.08","3.87","1.38","48.29","$0",""
"","Tyson Ross","SP","SD","36","16","125.0","100","51","44","44","119","3","8","0","1.15","3.17","1.35","44.11","$0",""
"","Martin Perez","SP","TEX","20","20","124.3","129","55","50","37","84","10","6","0","1.34","3.62","1.56","59.28","$19,650,000",""
"","Joe Kelly","RP","STL","40","15","124.0","123","42","37","44","79","10","5","0","1.35","2.69","2.94","0.00","$9,000,000",""
"","Bruce Chen","RP","KC","34","15","121.0","107","46","44","36","78","9","4","0","1.18","3.27","","0.00","$0",""
"","Jacob Turner","RP","MIA","20","20","118.0","116","55","49","54","77","3","8","0","1.44","3.74","1.38","0.00","$0",""
"","Jason Marquis","SP","SD","21","20","117.7","111","61","53","68","72","9","5","0","1.52","4.05","-0.15","11.89","$0",""
"","Gerrit Cole","SP","PIT","19","19","117.3","109","43","42","28","100","10","7","0","1.17","3.22","1.41","86.40","$36,000,000",""
"","Randall Delgado","RP","ARI","21","19","116.3","116","59","55","23","79","5","7","0","1.20","4.26","0.16","0.00","$0",""
"","Charlie Morton","SP","PIT","20","20","116.0","113","51","42","36","85","7","4","0","1.28","3.26","0.57","66.71","$20,000,000",""
"","Tyler Chatwood","SP","COL","26","20","111.3","118","44","39","41","66","8","5","0","1.43","3.15","3.52","81.12","$0",""
"","Clay Buchholz","SP","BOS","16","16","108.3","75","23","21","36","96","12","1","0","1.02","1.75","4.26","0.00","$0",""
"","Samuel Deduno","RP","MIN","18","18","108.0","105","48","46","41","67","8","8","0","1.35","3.83","","0.00","$0",""
"","Nathan Eovaldi","SP","MIA","18","18","106.3","100","44","40","40","78","4","6","0","1.32","3.39","2.08","66.71","$18,000,000",""
"","Tony Cingrani","RP","CIN","24","18","104.7","72","37","34","43","120","7","4","0","1.10","2.92","2.04","0.00","$0",""
"","Alexi Ogando","RP","TEX","23","18","104.3","87","38","36","41","72","7","4","0","1.23","3.11","2.12","0.00","$0",""
"","Ryan Vogelsong","SP","SF","19","19","103.7","124","73","66","38","67","4","6","0","1.56","5.73","-1.96","6.48","$0",""
"","Henderson Alvarez","SP","MIA","17","17","102.7","90","42","41","27","57","5","6","0","1.14","3.59","1.79","90.15","$0",""
"","Jonathan Pettibone","RP","PHI","18","18","100.3","109","50","45","38","66","5","4","0","1.47","4.04","","0.00","$0",""
"","Zack Wheeler","SP","NYM","18","17","100.0","90","42","38","46","84","7","5","0","1.36","3.42","1.17","48.55","$24,500,000",""
"","Justin Grimm","RP","CHC","27","17","98.0","120","70","65","34","76","7","9","0","1.57","5.97","0.15","0.00","$0",""
"","Anthony Swarzak","RP","MIN","48","0","96.0","89","33","31","22","69","3","2","0","1.16","2.91","2.02","0.00","$0",""
"","Nick Tepesch","SP","TEX","19","17","93.0","100","53","50","27","76","4","6","0","1.37","4.84","-0.26","22.46","$0",""
"","J.A. Happ","SP","TOR","18","18","92.7","91","53","47","45","77","5","7","0","1.47","4.57","0.09","16.15","$0",""
"","Kevin Slowey","RP","MIA","20","14","92.0","106","44","42","18","76","3","6","0","1.35","4.11","","0.00","$0",""
"","Josh Collmenter","RP","ARI","49","0","92.0","79","34","32","33","85","5","5","0","1.22","3.13","0.97","74.44","$0",""
"","Brandon Maurer","RP","SEA","22","14","90.0","114","66","63","27","70","5","8","0","1.57","6.30","-1.12","0.00","$0",""
"","Alfredo Simon","SP","CIN","63","0","87.7","68","31","28","27","63","6","4","1","1.08","2.88","1.10","25.62","$0",""
"","David Phelps","RP","NYY","22","12","86.7","88","50","48","35","79","6","5","0","1.42","4.99","-0.20","0.00","$0",""
"","Carlos Torres","RP","NYM","33","9","86.3","79","34","33","17","75","4","6","0","1.11","3.44","0.94","0.00","$0",""
"","Tom Gorzelanny","RP","MIL","43","10","85.3","77","41","37","31","83","3","6","0","1.27","3.90","0.30","0.00","$0",""
"","Tommy Hunter","RP","BAL","67","0","85.3","70","28","27","14","68","6","5","4","0.98","2.85","1.80","73.07","$0",""
"","Brad Peacock","SP","HOU","18","14","83.3","78","51","48","37","77","5","6","0","1.38","5.18","-0.01","0.00","$0",""
"","Craig Stammen","RP","WSH","55","0","81.7","78","30","25","27","79","7","6","0","1.29","2.76","0.99","80.04","$0",""
"","Josh Johnson","SP","TOR","16","16","81.3","105","64","56","30","83","2","8","0","1.66","6.20","","0.00","$0",""
"","Jeanmar Gomez","RP","PIT","34","8","80.7","65","35","30","28","53","3","0","0","1.15","3.35","0.34","0.00","$0",""
"","Ryan Webb","RP","MIA","66","0","80.3","70","30","26","27","54","2","6","0","1.21","2.91","1.13","63.57","$0",""
"","A.J. Ramos","RP","MIA","68","0","80.0","58","32","28","43","86","3","4","0","1.26","3.15","0.82","48.94","$0",""
"","Adam Ottavino","RP","COL","51","0","78.3","73","27","23","31","78","1","3","0","1.33","2.64","2.30","82.68","$3,750,000",""
"","Nate Jones","RP","CHW","70","0","78.0","68","40","35","26","89","4","5","0","1.21","4.04","0.33","47.60","$0",""
"","Alex Wood","SP","ATL","31","11","77.7","76","29","27","27","77","3","3","0","1.33","3.13","0.92","43.38","$12,500,000",""
"","Brandon Kintzler","RP","MIL","71","0","77.0","66","26","23","16","58","3","3","0","1.07","2.69","1.13","81.39","$0",""
"","Todd Redmond","RP","TOR","17","14","77.0","70","38","37","23","76","4","3","0","1.21","4.33","","0.00","$0",""
"","Adam Warren","RP","NYY","34","2","77.0","80","29","29","30","64","3","2","1","1.43","3.39","1.10","0.00","$0",""
"","Kenley Jansen","RP/CL","LAD","75","0","76.7","48","16","16","18","111","4","3","28","0.86","1.88","2.64","96.27","$16,000,000",""
"","Tanner Scheppers","RP","TEX","76","0","76.7","58","21","16","24","59","6","2","1","1.07","1.88","2.15","81.53","$0",""
"","Ryan Pressly","RP/CL","MIN","49","0","76.7","71","37","33","27","49","3","3","0","1.28","3.87","0.47","56.28","$14,000,000",""
"","Drew Smyly","SP","DET","63","0","76.0","62","20","20","17","81","6","0","2","1.04","2.37","2.61","53.86","$8,000,000",""
"","Wilton Lopez","RP","COL","75","0","75.3","88","35","34","18","48","3","4","0","1.41","4.06","0.95","46.89","$0",""
"","Jake Arrieta","SP","CHC","14","14","75.3","59","41","40","41","60","5","4","0","1.33","4.78","-0.43","0.00","$0",""
"","Trevor Rosenthal","RP","STL","74","0","75.3","63","25","22","20","108","2","4","3","1.10","2.63","1.52","76.60","$0",""
"","John Lannan","RP","PHI","14","14","74.3","86","48","44","27","38","3","6","0","1.52","5.33","-0.39","0.00","$0",""
"","Koji Uehara","RP","BOS","73","0","74.3","33","10","9","9","101","4","1","21","0.56","1.09","3.52","96.47","$0",""
"","Alfredo Figaro","RP","MIL","33","5","74.0","77","41","34","15","54","3","3","1","1.24","4.14","","0.00","$0",""
"","Vin Mazzaro","RP","PIT","57","0","73.7","68","23","23","21","46","8","2","1","1.21","2.81","1.09","85.26","$0",""
"","Justin Wilson","RP","PIT","58","0","73.7","50","17","17","28","59","6","1","0","1.06","2.08","1.88","84.86","$0",""
"","T.J. McFarland","RP","BAL","37","1","73.7","83","37","35","28","58","4","1","0","1.51","4.28","0.12","0.00","$0",""
"","Anthony Varvaro","RP","ATL","62","0","73.3","68","25","23","25","43","3","1","1","1.27","2.82","0.76","67.52","$0",""
"","Paul Clemens","SP","HOU","35","5","73.3","82","48","44","26","49","4","7","0","1.47","5.40","-0.48","1.83","$0",""
"","Matt Belisle","RP","COL","72","0","73.0","76","37","35","15","62","5","7","0","1.25","4.32","0.61","30.86","$0",""
"","Brad Ziegler","RP","ARI","78","0","73.0","61","20","18","22","44","8","1","13","1.14","2.22","1.70","78.83","$0",""
"","Dane De La Rosa","RP","LAA","75","0","72.3","56","25","23","28","65","6","1","2","1.16","2.86","1.37","73.03","$0",""
"","Erasmo Ramirez","SP","SEA","14","13","72.3","79","44","40","26","57","5","3","0","1.45","4.98","0.03","0.00","$1,000,000",""
"","Tony Watson","RP","PIT","67","0","71.7","51","19","19","12","54","3","1","2","0.88","2.39","1.51","80.63","$0",""
"","Brett Oberholtzer","RP","HOU","13","10","71.7","66","26","22","13","45","4","5","0","1.10","2.76","2.12","0.00","$0",""
"","Joel Peralta","RP","TB","80","0","71.3","47","31","27","34","74","3","8","1","1.14","3.41","0.31","13.29","$0",""
"","Ross Detwiler","SP","WSH","13","13","71.3","92","37","32","14","39","2","7","0","1.49","4.04","0.15","0.00","$0",""
"","Addison Reed","RP","CHW","68","0","71.3","56","31","30","23","72","5","4","40","1.11","3.79","1.08","87.25","$0",""
"","Mark Melancon","RP","PIT","72","0","71.0","60","15","11","8","70","3","2","16","0.96","1.39","2.11","97.73","$6,000,000",""
"","Tyler Clippard","RP","WSH","72","0","71.0","37","19","19","24","73","6","3","0","0.86","2.41","1.68","35.74","$0",""
"","LaTroy Hawkins","RP/CL","NYM","72","0","70.7","71","27","23","10","55","3","2","13","1.15","2.93","0.63","68.52","$0",""
"","Jeff Francis","SP","COL","23","12","70.3","89","54","49","24","63","3","5","0","1.61","6.27","-0.65","4.78","$0",""
"","Luke Hochevar","RP","KC","58","0","70.3","41","15","15","17","82","5","2","2","0.82","1.92","2.12","58.14","$0",""
"","Jim Johnson","RP","BAL","74","0","70.3","72","26","23","18","56","3","8","50","1.28","2.94","1.27","68.97","$0",""
"","Jamey Wright","RP","TB","66","1","70.0","61","25","24","23","65","2","2","0","1.20","3.09","0.91","57.21","$0",""
"","Tim Stauffer","RP","SD","43","0","69.7","59","29","29","20","64","3","1","0","1.13","3.75","","0.00","$0",""
"","Steve Cishek","RP","MIA","69","0","69.7","53","19","18","22","74","4","6","34","1.08","2.33","2.12","96.88","$0",""
"","Aaron Loup","RP","TOR","64","0","69.3","66","23","19","13","53","4","6","2","1.14","2.47","1.56","81.49","$7,500,000",""
"","Sean Doolittle","RP","OAK","70","0","69.0","53","24","24","13","60","5","5","2","0.96","3.13","1.42","80.85","$0",""
"","Ernesto Frieri","RP","LAA","67","0","68.7","55","29","29","30","98","2","4","37","1.24","3.80","0.66","46.99","$0",""
"","Junichi Tazawa","RP","BOS","71","0","68.3","70","25","24","12","72","5","4","0","1.20","3.16","0.97","51.75","$0",""
"","Ronald Belisario","RP","LAD","77","0","68.0","72","34","30","28","49","5","7","1","1.47","3.97","-0.50","25.66","$0",""
"","Michael Dunn","RP","MIA","75","0","67.7","53","21","20","28","72","3","4","2","1.20","2.66","1.57","61.05","$0",""
"","Cesar Ramos","RP","TB","48","0","67.3","66","31","31","22","53","2","2","1","1.31","4.14","0.27","0.00","$0",""
"","Ryan Cook","RP","OAK","71","0","67.3","62","22","19","25","67","6","4","2","1.29","2.54","1.60","81.36","$0",""
"","Rex Brothers","RP","COL","72","0","67.3","51","16","13","36","76","2","1","19","1.29","1.74","3.12","87.11","$0",""
"","Joaquin Benoit","RP","DET","66","0","67.0","47","15","15","22","73","4","1","24","1.03","2.02","2.76","78.72","$0",""
"","Craig Kimbrel","RP/CL","ATL","68","0","67.0","39","10","9","20","98","4","3","50","0.88","1.21","3.07","99.58","$10,000,000",""
"","Rafael Soriano","RP","WSH","68","0","66.7","65","24","23","17","51","3","3","43","1.23","3.11","0.84","9.61","$0",""
"","Fernando Rodney","RP","TB","68","0","66.7","53","27","25","36","82","5","4","37","1.34","3.38","0.49","67.52","$0",""
"","Yoervis Medina","RP","CHC","62","0","66.7","49","22","22","40","70","4","6","1","1.34","2.97","1.86","56.80","$0",""
"","Tyler Thornburg","RP","MIL","19","7","66.7","53","17","15","26","48","3","1","0","1.18","2.03","1.85","0.00","$0",""
"","Luke Gregerson","RP","SD","73","0","66.3","49","24","20","18","64","6","8","4","1.01","2.71","0.73","54.01","$0",""
"","David Robertson","RP/CL","NYY","70","0","66.3","51","15","15","18","77","5","1","3","1.04","2.04","2.36","73.38","$10,000,000",""
"","Chris Rusin","RP","CHC","13","13","66.3","66","30","29","24","36","2","6","0","1.36","3.94","0.72","0.00","$0",""
"","Jared Burton","RP","MIN","71","0","66.0","61","29","28","22","61","2","9","2","1.26","3.82","0.76","26.88","$0",""
"","Greg Holland","RP","KC","67","0","66.0","40","11","9","18","101","2","1","46","0.88","1.23","3.18","99.59","$0",""
"","J.J. Hoover","RP","CIN","69","0","66.0","47","21","21","26","67","5","5","3","1.11","2.86","1.27","58.38","$0",""
"","Heath Bell","RP","ARI","69","0","65.7","74","30","30","16","72","5","2","15","1.37","4.11","-0.16","1.46","$0",""
"","David Carpenter","RP","ATL","56","0","65.7","45","13","13","20","74","4","1","0","0.99","1.78","1.89","45.75","$0",""
"","John Axford","RP","STL","75","0","65.0","73","32","29","26","65","7","7","0","1.52","4.02","-0.50","2.12","$0",""
"","Charlie Furbush","RP","SEA","71","0","65.0","48","33","27","29","80","2","6","0","1.18","3.74","0.15","27.82","$0",""
"","Dale Thayer","RP","SD","69","0","65.0","59","25","24","22","64","3","5","1","1.25","3.32","0.49","31.14","$0",""
"","Luis Avilan","RP","ATL","75","0","65.0","40","12","11","22","38","5","0","0","0.95","1.52","2.22","89.59","$0",""
"","Joe Nathan","RP","TEX","67","0","64.7","36","10","10","22","73","6","2","43","0.90","1.39","3.18","93.89","$0",""
"","Edward Mujica","RP","STL","65","0","64.7","60","20","20","5","46","2","1","37","1.00","2.78","1.61","79.54","$0",""
"","Michael Wacha","SP","STL","15","9","64.7","52","20","20","19","65","4","1","0","1.10","2.78","1.86","0.00","$0",""
"","Bryan Morris","RP","PIT","54","0","64.0","57","25","25","27","37","5","7","0","1.31","3.52","0.38","32.06","$0",""
"","Sonny Gray","SP","OAK","12","10","64.0","51","22","19","20","67","5","3","0","1.11","2.67","1.43","0.00","$12,700,000",""
"","Aroldis Chapman","RP","CIN","68","0","63.7","37","18","18","29","112","4","5","38","1.04","2.55","1.78","57.67","$3,750,000",""
"","Wandy Rodriguez","RP","PIT","13","12","62.7","58","26","25","12","46","6","4","0","1.12","3.59","","0.00","$0",""
"","Glen Perkins","RP","MIN","61","0","62.7","43","16","16","15","77","2","0","36","0.93","2.30","2.35","91.23","$0",""
"","Jose Veras","RP","DET","67","0","62.7","44","23","21","22","60","0","5","21","1.05","3.02","0.29","38.59","$0",""
"","Grant Balfour","RP","OAK","65","0","62.7","48","20","18","27","72","1","3","38","1.20","2.59","1.55","57.55","$0",""
"","Jake McGee","RP","TB","71","0","62.7","52","28","28","22","75","5","3","1","1.18","4.02","0.17","24.99","$0",""
"","Burke Badenhop","RP","MIL","63","0","62.3","62","32","24","12","42","2","3","1","1.19","3.47","-0.35","27.90","$0",""
"","David Hernandez","RP","ARI","62","0","62.3","50","33","31","24","66","5","6","2","1.19","4.48","-0.78","5.80","$0",""
"","Robbie Ross","RP","TEX","65","0","62.3","63","21","21","19","58","4","2","0","1.32","3.03","1.19","65.38","$0",""
"","Chad Qualls","RP","MIA","66","0","62.0","57","18","18","19","49","5","2","0","1.23","2.61","1.72","72.93","$0",""
"","J.P. Howell","RP","LAD","67","0","62.0","42","14","14","23","54","4","1","0","1.05","2.03","1.67","64.65","$0",""
"","Casey Fien","RP","MIN","73","0","62.0","51","28","27","12","73","5","2","0","1.02","3.92","0.56","33.94","$0",""
"","Seth Maness","RP","STL","66","0","62.0","65","17","16","13","35","5","2","1","1.26","2.32","1.68","81.93","$0",""
"","Jonathan Papelbon","RP","PHI","61","0","61.7","59","23","20","11","57","5","1","29","1.13","2.92","1.32","23.30","$0",""
"","Drew Storen","RP","WSH","68","0","61.7","65","34","31","19","58","4","2","3","1.36","4.52","-0.71","10.95","$0",""
"","Kevin Gregg","RP","CHC","61","0","61.0","52","26","24","32","56","2","6","32","1.38","3.54","0.54","56.34","$0",""
"","Darren O'Day","RP","BAL","67","0","61.0","46","16","15","15","57","5","3","2","1.00","2.21","1.88","56.27","$0",""
"","Sam LeCure","RP","CIN","63","0","61.0","50","18","18","24","66","2","1","1","1.21","2.66","1.36","61.32","$0",""
"","Brian Duensing","RP","MIN","73","0","61.0","68","28","27","22","56","6","2","1","1.48","3.98","0.63","43.09","$0",""
"","Matt Lindstrom","RP","CHW","76","0","60.7","64","23","21","23","46","2","4","0","1.43","3.12","1.36","48.60","$0",""
"","Johnny Cueto","SP","CIN","11","11","60.7","46","20","19","18","51","5","2","0","1.05","2.82","1.28","0.00","$6,000,000",""
"","Brett Cecil","RP","TOR","60","0","60.7","44","20","19","23","70","5","1","1","1.10","2.82","1.34","67.44","$0",""
"","Ross Ohlendorf","RP","WSH","16","7","60.3","56","22","22","14","45","4","1","0","1.16","3.28","1.03","0.00","$0",""
"","Sergio Romo","RP","SF","65","0","60.3","53","20","17","12","58","5","8","38","1.08","2.54","0.83","73.72","$0",""
"","Tyler Cloyd","RP","PHI","13","11","60.3","83","45","44","25","41","2","7","0","1.79","6.56","-0.86","0.00","$0",""
"","Jerry Blevins","RP","OAK","67","0","60.0","47","23","21","17","52","5","0","0","1.07","3.15","0.94","43.39","$0",""
"","Jim Henderson","RP","MIL","61","0","60.0","44","18","18","24","75","5","5","28","1.13","2.70","1.31","72.29","$0",""
"","Andrew Albers","RP","MIN","10","10","60.0","64","34","27","7","25","2","5","0","1.18","4.05","0.35","0.00","$0",""
"","Jarred Cosart","RP","HOU","10","10","60.0","46","15","13","35","33","1","1","0","1.35","1.95","2.56","0.00","$0",""
"","Craig Breslow","RP","BOS","61","0","59.7","49","16","12","18","33","5","2","0","1.12","1.81","1.54","66.98","$0",""
"","Carter Capps","RP","SEA","53","0","59.0","73","37","36","23","66","3","3","0","1.63","5.49","-0.67","3.51","$0",""
"","Kelvin Herrera","RP","KC","59","0","58.3","48","27","25","21","74","5","7","2","1.18","3.86","-0.07","18.13","$0",""
"","Steve Delabar","RP","TOR","55","0","58.3","49","25","21","28","81","5","5","1","1.32","3.24","0.68","48.56","$0",""
"","Tom Wilhelmsen","RP","SEA","58","0","58.0","45","28","27","33","45","0","3","23","1.35","4.19","0.33","54.97","$0",""
"","Alex Torres","RP","TB","39","0","58.0","32","12","11","20","62","4","2","0","0.90","1.71","","0.00","$0",""
"","Jesse Chavez","RP","OAK","35","0","57.3","50","27","25","20","55","2","4","1","1.22","3.92","0.28","0.00","$0",""
"","Pedro Strop","RP","CHC","66","0","57.3","45","30","29","26","66","2","5","1","1.24","4.55","-0.86","11.49","$0",""
"","Neal Cotts","RP","TEX","58","0","57.0","36","8","7","18","65","8","3","1","0.95","1.11","2.56","95.23","$0",""
"","Huston Street","RP","SD","58","0","56.7","44","17","17","14","46","2","5","33","1.02","2.70","0.99","16.74","$0",""
"","Pedro Hernandez","RP","MIN","14","12","56.7","80","43","43","23","29","3","3","0","1.82","6.83","","0.00","$0",""
"","Andre Rienzo","RP","CHW","10","10","56.0","55","34","30","28","38","2","3","0","1.48","4.82","0.19","0.00","$0",""
"","Danny Farquhar","RP","SEA","46","0","55.7","44","29","26","22","79","0","3","16","1.19","4.20","-0.08","0.00","$0",""
"","Troy Patton","RP","BAL","55","0","55.3","56","25","23","16","41","2","0","0","1.30","3.74","0.38","24.04","$0",""
"","Jaime Garcia","SP","STL","9","9","55.3","57","26","22","15","43","5","2","0","1.30","3.58","0.59","0.00","$0",""
"","George Kontos","RP","SF","52","0","55.3","60","30","27","18","47","2","2","0","1.41","4.39","-0.53","15.30","$0",""
"","Logan Ondrusek","RP","CIN","52","0","55.0","53","26","25","16","53","3","1","0","1.25","4.09","0.03","19.57","$0",""
"","Hector Rondon","RP","CHC","45","0","54.7","52","29","29","25","44","2","1","0","1.41","4.77","-0.14","0.00","$0",""
"","Robbie Erlin","SP","SD","11","9","54.7","53","26","25","15","40","3","3","0","1.24","4.12","0.25","0.00","$0",""
"","Brandon Morrow","RP","TOR","10","10","54.3","63","39","34","18","42","2","3","0","1.49","5.63","-0.53","0.00","$0",""
"","Brandon League","RP","LAD","58","0","54.3","69","37","32","15","28","6","4","14","1.55","5.30","-1.33","1.45","$0",""
"","Paco Rodriguez","RP","LAD","76","0","54.3","30","15","14","19","63","3","4","2","0.90","2.32","1.52","55.12","$0",""
"","Josh Outman","RP","COL","61","0","54.0","56","27","26","23","53","3","0","0","1.46","4.33","0.65","40.83","$0",""
"","Wesley Wright","RP","TB","71","0","53.7","54","24","22","19","55","0","4","0","1.36","3.69","0.50","16.94","$0",""
"","Tanner Roark","SP","WSH","14","5","53.7","38","11","9","11","40","7","1","0","0.91","1.51","2.01","0.00","$0",""
"","Shawn Kelley","RP","NYY","57","0","53.3","46","28","26","23","71","4","2","0","1.29","4.39","-0.02","11.25","$0",""
"","Tim Collins","RP","KC","66","0","53.3","49","26","21","28","52","3","6","0","1.44","3.54","-0.13","22.78","$0",""
"","Michael Kohn","RP","LAA","63","0","53.0","42","22","22","28","52","1","4","0","1.32","3.74","0.69","14.80","$0",""
"","Jean Machi","RP","SF","51","0","53.0","46","15","14","12","51","3","1","0","1.09","2.38","1.05","78.71","$0",""
"","Tyler Lyons","RP","STL","12","8","53.0","49","29","28","16","43","2","4","0","1.23","4.76","-0.01","0.00","$0",""
"","Clayton Richard","SP","SD","14","11","52.7","65","44","41","21","24","2","5","0","1.63","7.01","-1.68","0.00","$0",""
"","James Russell","RP","CHC","74","0","52.7","46","21","21","18","37","1","6","0","1.22","3.59","0.65","19.34","$0",""
"","Will Harris","RP","ARI","61","0","52.7","50","17","17","15","53","4","1","0","1.23","2.91","0.83","62.16","$0",""
"","Casey Janssen","RP","TOR","55","0","52.0","39","17","15","13","48","4","1","33","1.00","2.60","1.45","89.96","$0",""
"","Oliver Perez","RP","SEA","60","0","51.7","49","23","22","24","72","3","3","2","1.41","3.83","0.55","20.00","$0",""
"","Taylor Jordan","SP","WSH","9","9","51.7","59","27","21","11","29","1","3","0","1.36","3.66","","0.00","$0",""
"","Scott Rice","RP","NYM","73","0","51.0","42","22","21","27","41","4","5","0","1.35","3.71","0.23","37.73","$0",""
"","Preston Claiborne","RP","NYY","44","0","50.3","51","23","23","14","42","0","2","0","1.29","4.11","0.28","0.00","$0",""
"","Jason Grilli","RP","PIT","54","0","50.0","40","15","15","13","74","0","2","33","1.06","2.70","0.88","70.17","$0",""
"","Santiago Casilla","RP","SF","57","0","50.0","39","14","12","25","38","7","2","2","1.28","2.16","1.15","38.08","$0",""
"","Bobby Parnell","RP","NYM","49","0","50.0","38","17","12","12","44","5","5","22","1.00","2.16","0.83","93.26","$0",""
"","Brian Matusz","RP","BAL","64","0","49.7","43","21","20","16","48","2","1","0","1.19","3.62","0.60","39.15","$0",""
"","Carlos Marmol","RP","LAD","52","0","49.0","40","26","24","40","59","2","4","2","1.63","4.41","-0.64","0.06","$0",""
"","Jason Frasor","RP","TEX","61","0","49.0","36","15","14","20","48","4","3","0","1.14","2.57","1.13","43.15","$0",""
"","Alberto Alburquerque","RP","DET","53","0","49.0","39","25","25","34","70","4","3","0","1.49","4.59","0.15","11.33","$0",""
"","Vance Worley","RP","MIN","10","10","48.7","82","43","39","15","25","1","5","0","1.99","7.21","-1.01","0.00","$0",""
"","Yusmeiro Petit","RP","SF","8","7","48.0","46","19","19","11","47","4","1","0","1.19","3.56","0.63","0.00","$0",""
"","Aaron Crow","RP","KC","57","0","48.0","49","19","18","22","44","7","5","1","1.48","3.38","0.40","22.81","$0",""
"","Kevin Gausman","SP","BAL","20","5","47.7","51","30","30","13","49","3","5","0","1.34","5.66","-0.38","7.60","$21,000,000",""
"","Liam Hendriks","RP/CL","MIN","10","8","47.3","67","39","36","14","34","1","3","0","1.71","6.85","-0.82","0.00","$14,000,000",""
"","Jordan Walden","RP","ATL","50","0","47.0","39","19","18","14","54","4","3","1","1.13","3.45","0.29","46.25","$0",""
"","Francisco Rodriguez","RP","BAL","48","0","46.7","42","14","14","14","54","3","2","10","1.20","2.70","0.01","0.00","$0",""
"","Justin De Fratus","RP","PHI","58","0","46.7","45","21","20","25","42","3","3","0","1.50","3.86","0.44","29.73","$0",""
"","Blake Parker","RP","CHC","49","0","46.3","39","17","14","15","55","1","2","1","1.16","2.72","0.68","45.58","$0",""
"","Nick Vincent","RP","SD","45","0","46.3","33","11","11","11","49","6","3","1","0.95","2.14","1.16","0.00","$0",""
"","Manny Parra","RP","CIN","57","0","46.0","40","18","17","15","56","2","3","0","1.20","3.33","0.50","30.37","$0",""
"","Caleb Thielbar","RP","MIN","49","0","46.0","24","11","9","14","39","3","2","0","0.83","1.76","1.33","64.60","$2,400,000",""
"","Scott Atchison","RP","NYM","51","0","45.3","45","27","22","12","28","3","3","0","1.26","4.37","-0.68","23.96","$0",""
"","Brett Anderson","SP","OAK","16","5","44.7","51","32","30","21","46","1","4","3","1.61","6.05","-0.65","0.00","$0",""
"","Joe Ortiz","RP","TEX","32","0","44.7","46","26","21","10","27","2","2","0","1.25","4.23","","0.00","$0",""
"","Chad Bettis","SP","COL","17","8","44.7","55","34","28","20","30","1","3","0","1.68","5.64","-0.56","5.23","$0",""
"","Josh Beckett","SP","LAD","8","8","43.3","50","30","25","15","41","0","5","0","1.50","5.19","-0.75","0.00","$0",""
"","Scott Downs","RP","ATL","68","0","43.3","45","13","12","19","37","4","4","0","1.48","2.49","0.07","16.97","$0",""
"","Matt Thornton","RP","BOS","59","0","42.7","46","19","17","13","30","0","3","0","1.38","3.59","0.19","5.78","$0",""
"","Matt Guerrier","RP","CHC","49","0","42.7","43","22","19","17","30","4","4","0","1.41","4.01","0.34","19.27","$0",""
"","Antonio Bastardo","RP","PHI","48","0","42.7","33","12","11","21","47","3","2","2","1.27","2.32","1.29","0.00","$0",""
"","Joba Chamberlain","RP","NYY","45","0","42.0","47","23","23","26","38","2","1","1","1.74","4.93","-0.07","0.00","$0",""
"","Anthony Bass","RP","SD","24","0","42.0","51","26","25","20","31","0","0","0","1.69","5.36","-0.43","0.00","$3,000,000",""
"","Brandon Workman","RP","BOS","20","3","41.7","44","23","23","15","47","6","3","0","1.42","4.97","-0.14","0.00","$0",""
"","Dan Jennings","RP","MIA","47","0","40.7","39","17","17","16","38","2","4","0","1.35","3.76","0.41","0.00","$0",""
"","Pat Neshek","RP","OAK","45","0","40.3","40","17","15","15","29","2","1","0","1.36","3.35","0.46","0.00","$0",""
"","Zack Britton","RP","BAL","8","7","40.0","52","23","22","17","18","2","3","0","1.73","4.95","-0.03","0.00","$0",""
"","Ethan Martin","SP","PHI","15","8","40.0","42","27","27","26","47","2","5","0","1.70","6.08","","0.00","$0",""
"","Kevin Siegrist","RP","STL","45","0","39.7","17","2","2","18","50","3","1","0","0.88","0.45","2.02","0.00","$0",""
"","Javier Lopez","RP","SF","69","0","39.3","30","10","8","12","37","4","2","1","1.07","1.83","1.01","43.37","$0",""
"","Joe Thatcher","RP","ARI","72","0","39.3","40","14","14","10","36","3","2","0","1.27","3.20","-0.32","18.59","$0",""
"","Boone Logan","RP","NYY","61","0","39.0","33","15","14","13","50","5","2","0","1.18","3.23","0.60","8.39","$0",""
"","Dan Otero","RP","OAK","33","0","39.0","42","7","6","6","27","2","0","0","1.23","1.39","1.43","0.00","$0",""
"","Daisuke Matsuzaka","SP","NYM","7","7","38.7","32","21","19","16","33","3","3","0","1.24","4.42","","0.00","$0",""
"","Jose Alvarez","RP","DET","14","6","38.7","42","26","25","16","31","1","5","0","1.50","5.82","-0.19","0.00","$0",""
"","Kyle Farnsworth","RP","PIT","48","0","38.3","43","20","20","10","28","3","1","2","1.38","4.70","0.33","0.00","$0",""
"","Phil Coke","RP","DET","49","0","38.3","43","24","23","21","30","0","5","1","1.67","5.40","-0.21","7.19","$0",""
"","Blake Beavan","RP","SEA","12","2","38.3","39","24","23","7","26","0","2","0","1.20","5.40","","0.00","$0",""
"","Jake Diekman","RP","PHI","45","0","38.3","34","15","11","16","41","1","4","0","1.30","2.58","0.60","0.00","$3,500,000",""
"","Neil Wagner","RP","TOR","36","0","38.0","39","17","16","13","33","2","4","0","1.37","3.79","0.36","0.00","$0",""
"","Josh Fields","RP","HOU","42","0","38.0","31","21","21","18","40","1","3","5","1.29","4.97","-0.06","0.00","$0",""
"","Tony Sipp","RP","ARI","56","0","37.7","35","22","20","22","42","3","2","0","1.51","4.78","-0.42","2.25","$0",""
"","Fernando Abad","RP","WSH","39","0","37.7","42","14","14","10","32","0","3","0","1.38","3.35","0.42","0.00","$0",""
"","David Huff","RP","NYY","14","2","37.7","33","23","23","9","31","3","1","0","1.12","5.50","-0.19","0.00","$0",""
"","Lucas Luetge","RP","SEA","35","0","37.0","42","22","20","16","27","1","3","0","1.57","4.87","-0.13","0.00","$1,550,000",""
"","Hector Ambriz","RP","HOU","43","0","36.3","50","28","23","14","27","2","4","2","1.76","5.70","","0.00","$0",""
"","Burch Smith","SP","SD","10","7","36.3","39","26","26","21","46","1","3","0","1.65","6.44","-0.71","0.00","$0",""
"","Kevin Jepsen","RP","LAA","45","0","36.0","41","21","18","14","36","1","3","0","1.53","4.50","-0.18","0.00","$0",""
"","Randy Choate","RP","STL","64","0","35.3","26","9","9","11","28","2","1","0","1.05","2.29","1.21","60.23","$0",""
"","Ryan Mattheus","RP","WSH","37","0","35.3","52","26","25","15","22","0","2","0","1.90","6.37","","0.00","$0",""
"","Darin Downs","RP","DET","29","0","35.3","36","20","19","11","37","0","2","0","1.33","4.84","","0.00","$0",""
"","Raul Valdes","RP","PHI","17","1","35.0","42","29","29","8","37","1","1","0","1.43","7.46","","0.00","$0",""
"","Chris Withrow","RP","LAD","26","0","34.7","20","10","10","13","43","3","0","1","0.95","2.60","0.78","0.00","$0",""
"","J.J. Putz","RP","ARI","40","0","34.3","26","9","9","17","38","3","1","6","1.25","2.36","0.92","0.00","$0",""
"","Gonzalez Germen","RP","NYM","29","0","34.3","32","15","15","16","33","1","2","1","1.40","3.93","0.05","0.00","$0",""
"","Jeremy Affeldt","RP","SF","39","0","33.7","27","14","14","17","21","1","5","0","1.31","3.74","0.10","0.00","$0",""
"","Will Smith","RP","KC","19","1","33.3","24","16","12","7","43","2","1","0","0.93","3.24","0.07","0.00","$0",""
"","Chad Jenkins","RP","TOR","10","3","33.3","31","13","10","6","15","1","0","0","1.11","2.70","","0.00","$0",""
"","Rob Scahill","RP","COL","23","0","33.3","40","19","19","9","20","1","0","0","1.47","5.13","0.25","0.00","$0",""
"","Jared Hughes","RP","PIT","29","0","32.0","37","17","17","16","23","2","3","0","1.66","4.78","-0.23","0.00","$0",""
"","Brad Lincoln","RP","TOR","22","0","31.7","28","17","14","22","25","1","2","0","1.58","3.98","","0.00","$0",""
"","Zach Duke","RP","CIN","26","1","31.3","39","23","21","10","18","1","2","0","1.56","6.03","0.56","0.00","$0",""
"","Luis Garcia","RP","PHI","24","0","31.3","27","15","13","23","23","1","1","0","1.60","3.73","0.18","0.00","$3,500,000",""
"","Brad Brach","RP","SD","33","0","31.0","36","15","11","19","31","1","0","0","1.77","3.19","-0.07","0.00","$0",""
"","Andrew Miller","RP","BOS","37","0","30.7","25","12","9","17","48","1","2","0","1.37","2.64","0.39","0.00","$0",""
"","Jonathan Broxton","RP","CIN","34","0","30.7","27","17","14","12","25","2","2","0","1.27","4.11","-0.44","0.00","$0",""
"","Jeff Manship","RP","COL","11","4","30.7","37","25","24","12","18","0","5","0","1.60","7.04","-0.70","0.00","$0",""
"","Johnny Hellweg","RP","MIL","8","7","30.7","40","30","23","26","9","1","4","0","2.15","6.75","","0.00","$0",""
"","Brandon Cumpton","RP","PIT","6","5","30.7","26","8","7","5","22","2","1","0","1.01","2.05","0.84","0.00","$0",""
"","Allen Webster","SP","BOS","8","7","30.3","37","30","29","18","23","1","2","0","1.81","8.60","-1.09","0.00","$0",""
"","Brandon Beachy","SP","ATL","5","5","30.0","27","17","15","4","23","2","1","0","1.03","4.50","-0.28","0.00","$0",""
"","James McDonald","SP","PIT","8","6","29.7","29","24","19","20","25","2","2","0","1.65","5.76","-0.84","0.00","$0",""
"","Louis Coleman","RP","KC","27","0","29.7","19","2","2","6","32","3","0","0","0.84","0.61","1.28","0.00","$0",""
"","Jake Odorizzi","SP","TB","7","4","29.7","28","13","13","8","22","0","1","1","1.21","3.94","0.25","0.00","$4,500,000",""
"","Luke Putkonen","RP","DET","30","0","29.7","30","11","10","9","28","1","3","0","1.32","3.03","","0.00","$0",""
"","Donnie Veal","RP","CHW","50","0","29.3","26","16","15","16","29","2","3","0","1.43","4.60","0.16","12.28","$0",""
"","Andrew Bailey","RP","BOS","30","0","28.7","23","12","12","12","39","3","1","8","1.22","3.77","0.29","0.00","$0",""
"","Josh Edgin","RP","NYM","34","0","28.7","26","12","12","12","20","1","1","1","1.33","3.77","0.20","0.00","$0",""
"","Bruce Rondon","RP","DET","30","0","28.7","28","11","11","11","30","1","2","1","1.36","3.45","0.49","0.00","$0",""
"","Carlos Martinez","SP","STL","21","1","28.3","31","16","16","9","24","2","1","1","1.41","5.08","-0.13","30.59","$0",""
"","Mike Kickham","RP","SF","12","3","28.3","46","34","32","10","29","0","3","0","1.98","10.17","-1.53","0.00","$0",""
"","Fernando Salas","RP","STL","27","0","28.0","27","15","14","6","22","0","3","0","1.18","4.50","-0.08","0.00","$0",""
"","Alex Wilson","RP","BOS","26","0","27.7","34","16","15","14","22","1","1","0","1.74","4.88","-0.19","0.00","$0",""
"","Erik Johnson","SP","CHW","5","5","27.7","32","16","10","11","18","3","2","0","1.55","3.25","0.21","0.00","$0",""
"","Josh Zeid","RP","HOU","25","0","27.7","26","12","12","12","24","0","1","1","1.37","3.90","","0.00","$0",""
"","Rob Wooten","RP","MIL","27","0","27.7","27","12","12","8","18","3","1","0","1.26","3.90","0.10","0.00","$0",""
"","Matt Reynolds","RP","ARI","30","0","27.3","25","7","6","5","23","0","2","2","1.10","1.98","0.73","0.00","$0",""
"","Jenrry Mejia","RP","NYM","6","5","27.3","28","9","7","4","27","1","2","0","1.17","2.31","0.55","0.00","$0",""
"","Hector Noesi","SP","SEA","12","1","27.3","42","21","20","12","21","0","1","0","1.98","6.59","-0.35","0.00","$0",""
"","Ian Krol","RP","WSH","32","0","27.3","27","12","12","8","22","2","1","0","1.28","3.95","0.13","0.00","$0",""
"","Evan Scribner","RP","OAK","18","0","26.7","26","13","13","7","19","0","0","0","1.24","4.39","0.15","0.00","$0",""
"","Collin McHugh","SP","COL","7","5","26.0","45","29","29","5","11","0","4","0","1.92","10.04","-0.64","0.00","$5,000,000",""
"","Dustin McGowan","RP","TOR","25","0","25.7","19","11","7","12","26","0","0","0","1.21","2.46","0.29","0.00","$0",""
"","Sergio Santos","CL","TOR","29","0","25.7","11","5","5","4","28","1","1","1","0.58","1.75","","0.00","$0",""
"","Franklin Morales","RP","BOS","20","1","25.3","24","13","13","15","21","2","2","0","1.54","4.62","-0.05","0.00","$0",""
"","Mike Adams","RP","PHI","28","0","25.0","23","11","11","11","23","1","4","0","1.36","3.96","0.28","0.00","$0",""
"","Gavin Floyd","RP","CHW","5","5","24.3","27","15","14","12","25","0","4","0","1.60","5.18","-0.02","0.00","$0",""
"","Danny Duffy","SP","KC","5","5","24.3","19","5","5","14","22","2","0","0","1.36","1.85","0.97","0.00","$0",""
"","J.C. Ramirez","SP","PHI","18","0","24.0","30","22","20","15","16","0","1","0","1.88","7.50","-0.74","0.07","$0",""
"","James Paxton","SP","SEA","4","4","24.0","15","5","4","7","21","3","0","0","0.92","1.50","1.14","0.00","$4,000,000",""
"","Joakim Soria","RP/CL","TEX","26","0","23.7","18","10","10","14","28","1","0","0","1.35","3.80","0.18","0.00","$0",""
"","Curtis Partch","RP","CIN","14","0","23.3","17","16","16","17","16","0","1","0","1.46","6.17","","0.00","$0",""
"","Michael Fiers","SP","MIL","11","3","22.3","28","20","18","6","15","1","4","0","1.52","7.25","-0.98","0.00","$0",""
"","Chaz Roe","RP","ARI","21","0","22.3","18","10","10","13","24","1","0","0","1.39","4.03","-0.01","0.00","$0",""
"","Michael Kirkman","RP","TEX","25","0","22.0","36","20","20","15","25","0","2","1","2.32","8.18","","0.00","$0",""
"","Brad Boxberger","RP","SD","18","0","22.0","19","9","7","13","24","0","1","1","1.46","2.86","0.10","0.00","$2,000,000",""
"","Drew Pomeranz","SP","COL","8","4","21.7","25","15","15","19","19","0","4","0","2.03","6.23","-0.10","0.00","$10,000,000",""
"","Cory Rasmus","RP","LAA","19","0","21.7","24","15","13","13","20","1","1","0","1.71","5.40","-0.19","0.00","$0",""
"","Josh Lueke","RP","TB","19","0","21.3","23","12","12","12","25","0","2","0","1.64","5.06","","0.00","$0",""
"","Rhiner Cruz","RP","HOU","20","0","21.3","25","9","8","11","10","0","2","0","1.69","3.38","0.27","0.00","$0",""
"","Drake Britton","RP","BOS","19","0","21.0","21","9","9","7","17","1","1","0","1.33","3.86","","0.00","$0",""
"","Brad Hand","RP","MIA","7","2","20.7","13","7","7","8","15","1","1","0","1.02","3.05","0.38","0.00","$0",""
"","Kevin Chapman","RP","HOU","25","0","20.3","13","6","4","13","15","1","1","1","1.28","1.77","0.79","0.00","$0",""
"","Joe Savery","RP","PHI","18","0","20.0","15","11","7","11","14","2","0","0","1.30","3.15","","0.00","$0",""
"","Vidal Nuno","RP","NYY","5","3","20.0","16","5","5","6","9","1","2","0","1.10","2.25","0.66","0.00","$0",""
"","B.J. Rosenberg","RP","PHI","22","0","19.7","20","10","10","9","19","2","0","1","1.48","4.58","","0.00","$0",""
"","Brandon Gomes","RP","TB","26","0","19.3","18","15","14","7","29","3","1","0","1.29","6.52","","0.00","$0",""
"","Jake Petricka","RP","CHW","16","0","19.3","20","7","7","10","10","1","1","0","1.55","3.26","0.54","0.00","$0",""
"","Eric O'Flaherty","RP","ATL","19","0","18.0","12","5","5","5","11","3","0","0","0.94","2.50","0.42","0.00","$0",""
"","Brian Flynn","RP","MIA","4","4","18.0","27","17","17","13","15","0","2","0","2.22","8.50","-0.63","0.00","$0",""
"","Michael Blazek","RP","MIL","18","0","17.3","16","12","11","13","14","0","1","0","1.67","5.71","-0.08","0.00","$0",""
"","Cesar Jimenez","RP","PHI","19","0","17.0","14","7","7","10","11","1","1","0","1.41","3.71","","0.00","$0",""
"","Vic Black","RP","NYM","18","0","17.0","17","7","7","6","15","3","0","1","1.35","3.71","","0.00","$0",""
"","Colt Hynes","RP","SD","22","0","17.0","25","17","17","9","13","0","0","0","2.00","9.00","-0.71","0.00","$0",""
"","Alex Colome","RP","TB","3","3","16.0","14","8","4","9","12","1","1","0","1.44","2.25","0.02","0.00","$0",""
"","Steve Johnson","RP","BAL","9","1","15.7","14","13","13","13","20","1","1","0","1.72","7.47","-0.37","0.00","$0",""
"","Peter Moylan","RP","LAD","14","0","15.3","23","11","11","7","6","1","0","0","1.96","6.46","-0.37","0.00","$0",""
"","Charlie Leesman","RP","CHW","8","1","15.3","16","14","12","16","13","0","0","0","2.09","7.04","","0.00","$0",""
"","Yordano Ventura","SP","KC","3","3","15.3","13","6","6","6","11","0","1","0","1.24","3.52","0.22","0.00","$0",""
"","Buddy Boshers","RP","LAA","25","0","15.3","13","8","8","8","13","0","0","0","1.37","4.70","0.04","0.00","$0",""
"","Scott Baker","SP","CHC","3","3","15.0","9","6","6","4","6","0","0","0","0.87","3.60","0.23","0.00","$0",""
"","Taijuan Walker","SP","SEA","3","3","15.0","11","7","6","4","12","1","0","0","1.00","3.60","0.14","0.00","$18,000,000",""
"","Eury De La Rosa","RP","ARI","19","0","14.7","13","13","12","5","16","0","1","0","1.23","7.36","","0.00","$0",""
"","Brooks Raley","RP","CHC","9","0","14.0","11","9","8","8","14","0","0","0","1.36","5.14","-0.14","0.00","$4,500,000",""
"","Brian Wilson","RP","LAD","18","0","13.7","8","1","1","4","13","2","1","0","0.88","0.66","0.64","0.00","$0",""
"","Steven Wright","SP","BOS","4","1","13.3","12","8","8","9","10","2","0","0","1.58","5.40","-0.10","0.00","$0",""
"","Arquimedes Caminero","RP","MIA","13","0","13.0","10","4","4","3","12","0","0","0","1.00","2.77","0.23","0.00","$0",""
"","Xavier Cedeno","RP","WSH","16","0","12.3","15","12","9","8","9","0","0","0","1.87","6.57","-0.50","0.00","$0",""
"","Sam Freeman","RP","STL","13","0","12.3","8","3","3","5","8","1","0","0","1.05","2.19","0.36","0.00","$0",""
"","Chad Billingsley","SP","LAD","2","2","12.0","12","4","4","5","6","1","0","0","1.42","3.00","0.20","0.00","$0",""
"","Kyuji Fujikawa","RP","CHC","12","0","12.0","11","7","7","2","14","1","1","2","1.08","5.25","","0.00","$0",""
"","Mark Lowe","RP","LAA","11","0","11.7","11","12","12","11","7","1","0","0","1.89","9.26","-0.60","0.00","$0",""
"","Jose Ortega","RP","DET","11","0","11.7","10","5","5","6","10","0","2","0","1.37","3.86","","0.00","$0",""
"","Rubby De La Rosa","SP","BOS","11","0","11.3","15","7","7","2","6","0","2","0","1.50","5.56","-0.10","0.00","$0",""
"","Daniel Webb","RP","CHW","9","0","11.3","9","4","4","4","10","0","0","0","1.15","3.18","","0.00","$0",""
"","David Martinez","RP","HOU","4","0","11.3","16","11","9","3","6","1","0","0","1.68","7.15","","0.00","$0",""
"","Michael Tonkin","RP","MIN","9","0","11.3","9","6","1","3","10","0","0","0","1.06","0.79","0.08","0.00","$0",""
"","Sam Dyson","RP","MIA","5","1","11.0","16","12","11","5","5","0","2","0","1.91","9.00","-0.53","0.00","$0",""
"","Matt Harrison","SP","TEX","2","2","10.7","14","11","10","7","12","0","2","0","1.97","8.44","-0.39","0.00","$0",""
"","Jeurys Familia","RP","NYM","9","0","10.7","12","5","5","9","8","0","0","1","1.97","4.22","0.01","0.00","$0",""
"","Bobby LaFromboise","RP","SEA","10","0","10.7","12","8","7","4","11","0","1","0","1.50","5.91","","0.00","$0",""
"","Sean Marshall","RP","CIN","16","0","10.3","4","3","2","2","10","0","1","0","0.58","1.74","0.23","0.00","$0",""
"","Jeremy Jeffress","RP","TOR","10","0","10.3","8","1","1","5","12","1","0","0","1.26","0.87","0.48","0.00","$0",""
"","Pedro Beato","RP","BOS","10","0","10.0","12","5","4","2","5","1","1","0","1.40","3.60","0.00","0.00","$0",""
"","Jorge De Leon","RP","HOU","11","0","10.0","12","7","6","7","6","0","1","0","1.90","5.40","","0.00","$0",""
"","Jimmy Nelson","SP","MIL","4","1","10.0","2","1","1","5","8","0","0","0","0.70","0.90","0.34","0.00","$0",""
"","Sean Burnett","RP","LAA","13","0","9.7","9","1","1","4","7","0","0","0","1.35","0.93","0.60","0.00","$0",""
"","Stolmy Pimentel","RP","PIT","5","0","9.3","6","4","2","2","9","0","0","0","0.86","1.93","0.05","0.00","$0",""
"","Ryan Brasier","SP","LAA","7","0","9.0","7","2","2","4","7","0","0","0","1.22","2.00","0.20","0.00","$2,000,000",""
"","Chris Hatcher","RP","MIA","7","0","8.7","13","13","12","4","7","0","1","0","1.96","12.46","-0.74","0.00","$0",""
"","Tom Layne","RP","SD","14","0","8.7","10","4","2","5","6","0","2","0","1.73","2.08","0.07","0.00","$0",""
"","Erik Davis","RP","WSH","10","0","8.7","10","3","3","1","12","1","0","0","1.27","3.12","0.10","0.00","$0",""
"","Francisley Bueno","RP","KC","7","0","8.3","4","0","0","2","5","1","0","0","0.72","0.00","","0.00","$0",""
"","Jose Dominguez","RP","LAD","9","0","8.3","11","3","2","3","4","0","0","0","1.68","2.16","0.09","0.00","$0",""
"","Heath Hembree","RP","SF","9","0","7.7","4","0","0","2","12","0","0","0","0.78","0.00","0.29","0.00","$0",""
"","Stephen Pryor","RP","SEA","7","0","7.3","3","0","0","1","7","0","0","0","0.55","0.00","","0.00","$0",""
"","Zac Rosscup","RP","CHC","10","0","6.7","3","1","1","7","7","0","0","0","1.50","1.35","0.21","0.00","$0",""
"","Frank Francisco","RP","NYM","8","0","6.3","4","3","3","3","6","1","0","1","1.11","4.26","-0.03","0.00","$0",""
"","Dellin Betances","RP","NYY","6","0","5.0","9","6","6","2","10","0","0","0","2.20","10.80","-0.23","0.00","$0",""
"","Rafael Dolis","RP","CHC","5","0","5.0","3","2","0","2","0","0","0","0","1.00","0.00","0.05","0.00","$0",""
"","Matt Shoemaker","SP","LAA","1","1","5.0","2","0","0","2","5","0","0","0","0.80","0.00","0.32","0.00","$0",""
"","Neftali Feliz","RP","TEX","6","0","4.7","5","0","0","2","4","0","0","0","1.50","0.00","0.28","0.00","$0",""
"","Enny Romero","RP","TB","1","1","4.7","1","0","0","4","0","0","0","0","1.07","0.00","0.29","0.00","$0",""
"","Nick Christiani","RP","CIN","3","0","4.0","2","1","1","2","1","0","0","0","1.00","2.25","0.07","0.00","$0",""
"","Cesar Cabral","RP","NYY","8","0","3.7","3","1","1","1","6","0","0","0","1.09","2.46","","0.00","$0",""
"","Zach Putnam","RP","CHC","5","0","3.3","9","7","7","0","4","0","0","0","2.70","18.90","-0.29","0.00","$0",""
"","Kyle Drabek","RP","TOR","3","0","2.3","4","2","2","2","3","0","0","0","2.57","7.71","-0.04","0.00","$0",""
"","Skip Schumaker","LF","LAD","125","73","2.0","3","0","0","3","1","0","0","0","3.00","0.00","-1.26","7.19","$0",""
"","Chris Narveson","RP","MIL","2","0","2.0","1","0","0","1","0","0","0","0","1.00","0.00","0.07","0.00","$0",""
"","Onelki Garcia","SP","LAD","3","0","1.3","1","2","2","4","1","0","0","0","3.75","13.50","-0.08","0.00","$0",""
"","David Murphy","DH","TEX","142","113","1.0","1","0","0","0","1","0","0","0","1.00","0.00","-0.27","10.44","$0",""
"","Daniel Bard","RP/CL","CHC","2","0","1.0","1","1","1","2","1","0","0","0","3.00","9.00","-0.02","0.00","$9,500,000",""
"","Anthony Recker","C","NYM","50","34","1.0","1","2","2","1","0","0","0","0","2.00","18.00","0.78","0.00","$0",""
"","Jake Elmore","LF","HOU","52","30","1.0","0","0","0","0","0","0","0","0","0.00","0.00","-0.53","0.00","$0",""
"","Jeff Beliveau","RP","TB","1","0","0.7","1","0","0","1","0","0","0","0","3.00","0.00","0.02","0.00","$0",""
"","John McDonald","SS","BOS","51","16","0.3","2","0","0","0","1","0","0","0","6.00","0.00","","0.00","$0",""
"","Sam Fuld","CF","TB","119","48","0.3","0","0","0","0","0","0","0","0","0.00","0.00","-0.41","3.53","$0",""
"","Josh Harrison","2B","PIT","60","15","0.3","0","0","0","0","0","0","0","0","0.00","0.00","0.11","0.00","$2,000,000",""
"","Shawn Tolleson","RP","LAD","1","0","0.0","0","0","0","2","0","0","0","0","0.00","0.00","0.00","0.00","$0",""